priority_rank,category,entity_name,priority_score,severity,headline,executive_insight,recommended_action
1,Capital Allocation,2026 Base Portfolio,80.0,Critical,Capital demand exceeds budget,"Requested capital is $2,676M versus a $1,650M budget. The optimized portfolio funds 22 projects and creates approximately $495M of NPV.",Fund the optimized positive-NPV portfolio and defer lower-value projects
2,Business Unit,Industrial Systems,78.87,High,Value destruction,Industrial Systems has ROIC of 4.7% versus WACC of 9.9% (-5.2pp spread). 2025 EBITDA was -14.3% versus budget and FCF changed +10.2% year over year. The 2026 EBITDA forecast is -8.7% versus budget with average forecast accuracy of 64.0%.,Improve margins and capital efficiency before major expansion; Review cost and margin drivers behind the EBITDA miss; Refresh the 2026 plan and prepare downside actions
3,Enterprise Risk,Apex Global Holdings,65.0,High,Elevated leverage,Enterprise Net Debt / TTM EBITDA is 3.07x.,Protect cash generation and limit non-priority debt-funded investment
4,Investment Opportunity,European Foundry Consolidation Program,60.0,High,High-value funded project,European Foundry Consolidation Program requires $210M and generates approximately $68.0M NPV with 21.7% IRR.,Protect funding and track delivery against the investment case
5,Investment Opportunity,Midwest Packaging Line Automation,60.0,High,High-value funded project,Midwest Packaging Line Automation requires $92M and generates approximately $47.1M NPV with 25.3% IRR.,Protect funding and track delivery against the investment case
6,Investment Opportunity,US Real-Time Payment Routing Engine,60.0,High,High-value funded project,US Real-Time Payment Routing Engine requires $112M and generates approximately $36.7M NPV with 19.6% IRR.,Protect funding and track delivery against the investment case
7,Business Unit,Consumer Brands,25.67,Low,2026 forecast risk,Consumer Brands has ROIC of 14.0% versus WACC of 9.9% (+4.1pp spread). 2025 EBITDA was -3.5% versus budget and FCF changed +8.4% year over year. The 2026 EBITDA forecast is -6.5% versus budget with average forecast accuracy of 80.1%.,Refresh the 2026 plan and prepare downside actions
8,Business Unit,FinTech Platforms,20.0,Low,2026 forecast risk,FinTech Platforms has ROIC of 72.7% versus WACC of 9.9% (+62.8pp spread). 2025 EBITDA was +4.6% versus budget and FCF changed +25.1% year over year. The 2026 EBITDA forecast is +0.3% versus budget with average forecast accuracy of 69.4%.,Refresh the 2026 plan and prepare downside actions
9,Business Unit,HealthTech Solutions,6.03,Low,Performance stable,HealthTech Solutions has ROIC of 16.1% versus WACC of 9.9% (+6.2pp spread). 2025 EBITDA was -2.0% versus budget and FCF changed +4.5% year over year. The 2026 EBITDA forecast is -1.8% versus budget with average forecast accuracy of 93.3%.,Maintain current plan and monitor performance
10,Business Unit,Digital & AI Services,2.65,Low,Performance stable,Digital & AI Services has ROIC of 48.3% versus WACC of 9.9% (+38.4pp spread). 2025 EBITDA was -0.8% versus budget and FCF changed +17.1% year over year. The 2026 EBITDA forecast is -1.0% versus budget with average forecast accuracy of 92.0%.,Maintain current plan and monitor performance
