plan_id,period_end,business_unit_id,region,currency_code,budget_revenue_usd_m,budget_ebitda_usd_m,budget_da_usd_m,budget_tax_rate,budget_capex_usd_m,budget_change_nwc_usd_m,budget_fcf_usd_m,budget_version
BP_202401_BU01_APAC,2024-01-31,BU01,Asia Pacific,USD,162.46,51.16,8.07,0.2254,11.92,-8.32,37.85,FY2024 Annual Budget
BP_202401_BU01_EU,2024-01-31,BU01,Europe,USD,120.78,36.02,6.32,0.2575,7.65,-8.87,29.59,FY2024 Annual Budget
BP_202401_BU01_LATAM,2024-01-31,BU01,Latin America,USD,54.12,16.21,2.76,0.2712,3.43,-1.89,11.02,FY2024 Annual Budget
BP_202401_BU01_NA,2024-01-31,BU01,North America,USD,201.0,60.44,10.49,0.2483,12.74,-15.0,50.3,FY2024 Annual Budget
BP_202401_BU02_APAC,2024-01-31,BU02,Asia Pacific,USD,108.91,18.72,6.65,0.2253,6.69,-53.45,62.76,FY2024 Annual Budget
BP_202401_BU02_EU,2024-01-31,BU02,Europe,USD,120.02,18.77,7.47,0.2584,7.37,-34.97,43.45,FY2024 Annual Budget
BP_202401_BU02_LATAM,2024-01-31,BU02,Latin America,USD,55.92,8.37,3.46,0.272,3.43,-27.23,30.83,FY2024 Annual Budget
BP_202401_BU02_NA,2024-01-31,BU02,North America,USD,180.25,29.05,11.22,0.2473,11.07,-67.49,81.06,FY2024 Annual Budget
BP_202401_BU03_APAC,2024-01-31,BU03,Asia Pacific,USD,96.57,25.15,5.89,0.2254,7.44,-0.48,13.85,FY2024 Annual Budget
BP_202401_BU03_EU,2024-01-31,BU03,Europe,USD,115.57,28.37,7.27,0.2576,8.9,-1.24,15.27,FY2024 Annual Budget
BP_202401_BU03_LATAM,2024-01-31,BU03,Latin America,USD,37.83,9.16,2.33,0.2715,2.91,-0.72,5.12,FY2024 Annual Budget
BP_202401_BU03_NA,2024-01-31,BU03,North America,USD,219.36,54.65,13.74,0.2482,16.9,-4.8,32.4,FY2024 Annual Budget
BP_202401_BU04_APAC,2024-01-31,BU04,Asia Pacific,USD,118.01,21.94,8.84,0.2261,10.82,-16.99,25.15,FY2024 Annual Budget
BP_202401_BU04_EU,2024-01-31,BU04,Europe,USD,137.57,23.59,11.61,0.2575,12.61,-28.93,36.83,FY2024 Annual Budget
BP_202401_BU04_LATAM,2024-01-31,BU04,Latin America,USD,48.93,8.21,3.68,0.2719,4.48,-9.23,11.73,FY2024 Annual Budget
BP_202401_BU04_NA,2024-01-31,BU04,North America,USD,176.75,31.25,13.56,0.2466,16.2,-49.35,60.04,FY2024 Annual Budget
BP_202401_BU05_APAC,2024-01-31,BU05,Asia Pacific,USD,96.86,32.17,3.62,0.2253,4.91,-11.43,32.26,FY2024 Annual Budget
BP_202401_BU05_EU,2024-01-31,BU05,Europe,USD,62.2,20.54,2.38,0.2579,3.15,-9.9,22.61,FY2024 Annual Budget
BP_202401_BU05_LATAM,2024-01-31,BU05,Latin America,USD,31.17,10.09,1.19,0.2712,1.58,-2.63,8.73,FY2024 Annual Budget
BP_202401_BU05_NA,2024-01-31,BU05,North America,USD,124.14,40.86,4.77,0.2485,6.29,-15.56,41.16,FY2024 Annual Budget
BP_202402_BU01_APAC,2024-02-29,BU01,Asia Pacific,USD,165.0,51.13,8.18,0.2254,12.38,9.22,19.85,FY2024 Annual Budget
BP_202402_BU01_EU,2024-02-29,BU01,Europe,USD,122.27,36.41,6.4,0.2575,7.95,6.38,14.35,FY2024 Annual Budget
BP_202402_BU01_LATAM,2024-02-29,BU01,Latin America,USD,54.81,16.48,2.8,0.2712,3.56,3.03,6.18,FY2024 Annual Budget
BP_202402_BU01_NA,2024-02-29,BU01,North America,USD,203.5,61.94,10.61,0.2483,13.23,9.37,26.59,FY2024 Annual Budget
BP_202402_BU02_APAC,2024-02-29,BU02,Asia Pacific,USD,110.73,18.73,6.69,0.2253,6.98,-34.98,44.02,FY2024 Annual Budget
BP_202402_BU02_EU,2024-02-29,BU02,Europe,USD,121.96,19.59,7.51,0.2584,7.68,-41.93,50.72,FY2024 Annual Budget
BP_202402_BU02_LATAM,2024-02-29,BU02,Latin America,USD,56.85,8.58,3.48,0.272,3.58,-20.03,23.64,FY2024 Annual Budget
BP_202402_BU02_NA,2024-02-29,BU02,North America,USD,183.19,29.74,11.29,0.2473,11.54,-60.77,74.41,FY2024 Annual Budget
BP_202402_BU03_APAC,2024-02-29,BU03,Asia Pacific,USD,97.09,25.41,5.93,0.2254,7.67,1.38,11.97,FY2024 Annual Budget
BP_202402_BU03_EU,2024-02-29,BU03,Europe,USD,116.14,28.07,7.32,0.2576,9.18,0.73,12.81,FY2024 Annual Budget
BP_202402_BU03_LATAM,2024-02-29,BU03,Latin America,USD,38.02,9.13,2.35,0.2715,3.0,0.01,4.28,FY2024 Annual Budget
BP_202402_BU03_NA,2024-02-29,BU03,North America,USD,220.46,54.4,13.84,0.2482,17.42,10.33,16.58,FY2024 Annual Budget
BP_202402_BU04_APAC,2024-02-29,BU04,Asia Pacific,USD,122.33,22.75,8.88,0.2261,11.5,-21.26,29.37,FY2024 Annual Budget
BP_202402_BU04_EU,2024-02-29,BU04,Europe,USD,142.53,24.51,11.66,0.2575,13.4,-12.27,20.07,FY2024 Annual Budget
BP_202402_BU04_LATAM,2024-02-29,BU04,Latin America,USD,50.72,8.61,3.69,0.2719,4.77,-9.05,11.55,FY2024 Annual Budget
BP_202402_BU04_NA,2024-02-29,BU04,North America,USD,183.14,32.33,13.62,0.2466,17.22,4.2,6.3,FY2024 Annual Budget
BP_202402_BU05_APAC,2024-02-29,BU05,Asia Pacific,USD,99.29,33.44,3.61,0.2253,5.16,4.12,17.44,FY2024 Annual Budget
BP_202402_BU05_EU,2024-02-29,BU05,Europe,USD,63.74,20.94,2.37,0.2579,3.31,2.7,10.14,FY2024 Annual Budget
BP_202402_BU05_LATAM,2024-02-29,BU05,Latin America,USD,31.95,10.25,1.18,0.2712,1.66,1.49,4.64,FY2024 Annual Budget
BP_202402_BU05_NA,2024-02-29,BU05,North America,USD,127.21,42.25,4.75,0.2485,6.62,5.38,20.93,FY2024 Annual Budget
BP_202403_BU01_APAC,2024-03-31,BU01,Asia Pacific,USD,178.06,56.06,8.3,0.2254,13.64,1.45,30.2,FY2024 Annual Budget
BP_202403_BU01_EU,2024-03-31,BU01,Europe,USD,131.51,39.86,6.47,0.2575,8.76,0.51,21.99,FY2024 Annual Budget
BP_202403_BU01_LATAM,2024-03-31,BU01,Latin America,USD,58.97,17.87,2.83,0.2712,3.93,0.39,9.47,FY2024 Annual Budget
BP_202403_BU01_NA,2024-03-31,BU01,North America,USD,218.91,68.16,10.74,0.2483,14.58,0.58,38.74,FY2024 Annual Budget
BP_202403_BU02_APAC,2024-03-31,BU02,Asia Pacific,USD,123.41,21.75,6.73,0.2253,7.97,-5.9,16.3,FY2024 Annual Budget
BP_202403_BU02_EU,2024-03-31,BU02,Europe,USD,135.85,22.04,7.56,0.2584,8.77,-6.53,16.06,FY2024 Annual Budget
BP_202403_BU02_LATAM,2024-03-31,BU02,Latin America,USD,63.35,9.83,3.5,0.272,4.09,-3.3,7.32,FY2024 Annual Budget
BP_202403_BU02_NA,2024-03-31,BU02,North America,USD,204.09,33.77,11.37,0.2473,13.18,-12.56,27.61,FY2024 Annual Budget
BP_202403_BU03_APAC,2024-03-31,BU03,Asia Pacific,USD,100.58,26.55,5.98,0.2254,8.14,4.12,9.65,FY2024 Annual Budget
BP_202403_BU03_EU,2024-03-31,BU03,Europe,USD,120.24,29.0,7.38,0.2576,9.74,5.09,8.6,FY2024 Annual Budget
BP_202403_BU03_LATAM,2024-03-31,BU03,Latin America,USD,39.38,9.46,2.37,0.2715,3.19,1.86,2.49,FY2024 Annual Budget
BP_202403_BU03_NA,2024-03-31,BU03,North America,USD,228.28,57.05,13.95,0.2482,18.48,10.17,17.7,FY2024 Annual Budget
BP_202403_BU04_APAC,2024-03-31,BU04,Asia Pacific,USD,133.21,24.79,8.92,0.2261,12.83,21.43,-13.06,FY2024 Annual Budget
BP_202403_BU04_EU,2024-03-31,BU04,Europe,USD,155.11,27.52,11.71,0.2575,14.94,26.98,-18.47,FY2024 Annual Budget
BP_202403_BU04_LATAM,2024-03-31,BU04,Latin America,USD,55.22,9.39,3.71,0.2719,5.32,9.75,-7.22,FY2024 Annual Budget
BP_202403_BU04_NA,2024-03-31,BU04,North America,USD,199.35,36.26,13.69,0.2466,19.21,34.64,-23.16,FY2024 Annual Budget
BP_202403_BU05_APAC,2024-03-31,BU05,Asia Pacific,USD,107.14,36.0,3.6,0.2253,5.74,0.13,22.83,FY2024 Annual Budget
BP_202403_BU05_EU,2024-03-31,BU05,Europe,USD,68.74,22.51,2.37,0.2579,3.68,-0.09,13.73,FY2024 Annual Budget
BP_202403_BU05_LATAM,2024-03-31,BU05,Latin America,USD,34.46,11.14,1.18,0.2712,1.85,0.1,6.49,FY2024 Annual Budget
BP_202403_BU05_NA,2024-03-31,BU05,North America,USD,137.21,46.21,4.74,0.2485,7.35,0.0,28.55,FY2024 Annual Budget
BP_202404_BU01_APAC,2024-04-30,BU01,Asia Pacific,USD,175.53,55.34,8.43,0.2254,13.66,4.73,26.38,FY2024 Annual Budget
BP_202404_BU01_EU,2024-04-30,BU01,Europe,USD,129.21,39.09,6.56,0.2575,8.76,3.04,18.91,FY2024 Annual Budget
BP_202404_BU01_LATAM,2024-04-30,BU01,Latin America,USD,57.96,17.38,2.87,0.2712,3.93,1.5,8.01,FY2024 Annual Budget
BP_202404_BU01_NA,2024-04-30,BU01,North America,USD,215.11,65.59,10.87,0.2483,14.59,4.47,32.94,FY2024 Annual Budget
BP_202404_BU02_APAC,2024-04-30,BU02,Asia Pacific,USD,123.94,21.51,6.78,0.2253,8.15,-2.76,12.8,FY2024 Annual Budget
BP_202404_BU02_EU,2024-04-30,BU02,Europe,USD,136.36,21.61,7.61,0.2584,8.96,-4.84,13.87,FY2024 Annual Budget
BP_202404_BU02_LATAM,2024-04-30,BU02,Latin America,USD,63.61,9.81,3.53,0.272,4.18,-1.75,5.67,FY2024 Annual Budget
BP_202404_BU02_NA,2024-04-30,BU02,North America,USD,204.89,34.07,11.44,0.2473,13.47,-6.73,21.73,FY2024 Annual Budget
BP_202404_BU03_APAC,2024-04-30,BU03,Asia Pacific,USD,99.14,25.63,6.03,0.2254,8.17,-0.04,13.08,FY2024 Annual Budget
BP_202404_BU03_EU,2024-04-30,BU03,Europe,USD,118.45,28.67,7.44,0.2576,9.76,-0.9,14.34,FY2024 Annual Budget
BP_202404_BU03_LATAM,2024-04-30,BU03,Latin America,USD,38.81,9.34,2.39,0.2715,3.2,-0.06,4.31,FY2024 Annual Budget
BP_202404_BU03_NA,2024-04-30,BU03,North America,USD,224.93,56.65,14.06,0.2482,18.54,-1.17,28.71,FY2024 Annual Budget
BP_202404_BU04_APAC,2024-04-30,BU04,Asia Pacific,USD,134.99,24.79,8.97,0.2261,13.24,7.59,0.38,FY2024 Annual Budget
BP_202404_BU04_EU,2024-04-30,BU04,Europe,USD,157.1,27.42,11.77,0.2575,15.41,8.52,-0.54,FY2024 Annual Budget
BP_202404_BU04_LATAM,2024-04-30,BU04,Latin America,USD,55.95,9.52,3.73,0.2719,5.49,3.38,-0.92,FY2024 Annual Budget
BP_202404_BU04_NA,2024-04-30,BU04,North America,USD,201.93,36.73,13.76,0.2466,19.8,13.72,-2.45,FY2024 Annual Budget
BP_202404_BU05_APAC,2024-04-30,BU05,Asia Pacific,USD,106.49,35.76,3.6,0.2253,6.09,3.37,19.05,FY2024 Annual Budget
BP_202404_BU05_EU,2024-04-30,BU05,Europe,USD,68.29,22.07,2.36,0.2579,3.91,2.09,10.99,FY2024 Annual Budget
BP_202404_BU05_LATAM,2024-04-30,BU05,Latin America,USD,34.25,11.05,1.18,0.2712,1.96,1.21,5.2,FY2024 Annual Budget
BP_202404_BU05_NA,2024-04-30,BU05,North America,USD,136.34,45.06,4.73,0.2485,7.8,3.73,23.51,FY2024 Annual Budget
BP_202405_BU01_APAC,2024-05-31,BU01,Asia Pacific,USD,178.28,56.2,8.56,0.2254,13.95,-1.65,33.16,FY2024 Annual Budget
BP_202405_BU01_EU,2024-05-31,BU01,Europe,USD,130.8,39.74,6.64,0.2575,8.93,-1.63,23.92,FY2024 Annual Budget
BP_202405_BU01_LATAM,2024-05-31,BU01,Latin America,USD,58.69,17.84,2.9,0.2712,4.01,-0.78,10.56,FY2024 Annual Budget
BP_202405_BU01_NA,2024-05-31,BU01,North America,USD,217.79,67.6,11.01,0.2483,14.86,-2.28,40.97,FY2024 Annual Budget
BP_202405_BU02_APAC,2024-05-31,BU02,Asia Pacific,USD,131.32,23.11,6.83,0.2253,8.69,9.81,0.94,FY2024 Annual Budget
BP_202405_BU02_EU,2024-05-31,BU02,Europe,USD,144.4,23.53,7.67,0.2584,9.55,10.95,-1.07,FY2024 Annual Budget
BP_202405_BU02_LATAM,2024-05-31,BU02,Latin America,USD,67.39,11.06,3.55,0.272,4.46,5.43,-0.87,FY2024 Annual Budget
BP_202405_BU02_NA,2024-05-31,BU02,North America,USD,217.0,37.51,11.53,0.2473,14.35,15.36,1.38,FY2024 Annual Budget
BP_202405_BU03_APAC,2024-05-31,BU03,Asia Pacific,USD,98.68,25.25,6.08,0.2254,8.19,-0.52,13.26,FY2024 Annual Budget
BP_202405_BU03_EU,2024-05-31,BU03,Europe,USD,117.84,28.56,7.5,0.2576,9.77,-0.17,13.53,FY2024 Annual Budget
BP_202405_BU03_LATAM,2024-05-31,BU03,Latin America,USD,38.63,9.31,2.41,0.2715,3.2,-0.11,4.35,FY2024 Annual Budget
BP_202405_BU03_NA,2024-05-31,BU03,North America,USD,223.8,56.15,14.17,0.2482,18.56,0.12,27.05,FY2024 Annual Budget
BP_202405_BU04_APAC,2024-05-31,BU04,Asia Pacific,USD,136.78,25.39,9.03,0.2261,13.5,18.91,-10.72,FY2024 Annual Budget
BP_202405_BU04_EU,2024-05-31,BU04,Europe,USD,159.09,27.26,11.83,0.2575,15.7,23.98,-16.39,FY2024 Annual Budget
BP_202405_BU04_LATAM,2024-05-31,BU04,Latin America,USD,56.68,9.56,3.75,0.2719,5.59,8.66,-6.27,FY2024 Annual Budget
BP_202405_BU04_NA,2024-05-31,BU04,North America,USD,204.52,35.54,13.84,0.2466,20.19,29.36,-19.36,FY2024 Annual Budget
BP_202405_BU05_APAC,2024-05-31,BU05,Asia Pacific,USD,109.11,36.74,3.6,0.2253,7.41,-0.18,22.04,FY2024 Annual Budget
BP_202405_BU05_EU,2024-05-31,BU05,Europe,USD,69.93,22.48,2.37,0.2579,4.75,-0.13,12.67,FY2024 Annual Budget
BP_202405_BU05_LATAM,2024-05-31,BU05,Latin America,USD,35.09,11.525,1.18,0.2712,2.38,-0.07,6.27,FY2024 Annual Budget
BP_202405_BU05_NA,2024-05-31,BU05,North America,USD,139.64,45.93,4.74,0.2485,9.49,-0.19,26.39,FY2024 Annual Budget
BP_202406_BU01_APAC,2024-06-30,BU01,Asia Pacific,USD,188.39,60.11,8.69,0.2254,14.66,12.88,20.98,FY2024 Annual Budget
BP_202406_BU01_EU,2024-06-30,BU01,Europe,USD,137.76,42.29,6.72,0.2575,9.34,8.84,14.95,FY2024 Annual Budget
BP_202406_BU01_LATAM,2024-06-30,BU01,Latin America,USD,61.84,18.71,2.94,0.2712,4.19,4.36,5.88,FY2024 Annual Budget
BP_202406_BU01_NA,2024-06-30,BU01,North America,USD,229.41,70.82,11.15,0.2483,15.56,12.7,27.74,FY2024 Annual Budget
BP_202406_BU02_APAC,2024-06-30,BU02,Asia Pacific,USD,134.63,24.14,6.88,0.2253,8.85,7.64,3.76,FY2024 Annual Budget
BP_202406_BU02_EU,2024-06-30,BU02,Europe,USD,147.96,24.29,7.73,0.2584,9.73,7.61,2.67,FY2024 Annual Budget
BP_202406_BU02_LATAM,2024-06-30,BU02,Latin America,USD,69.08,11.15,3.58,0.272,4.54,3.93,0.62,FY2024 Annual Budget
BP_202406_BU02_NA,2024-06-30,BU02,North America,USD,222.39,36.63,11.61,0.2473,14.62,10.41,5.41,FY2024 Annual Budget
BP_202406_BU03_APAC,2024-06-30,BU03,Asia Pacific,USD,100.22,25.75,6.13,0.2254,8.26,-0.31,13.38,FY2024 Annual Budget
BP_202406_BU03_EU,2024-06-30,BU03,Europe,USD,119.61,29.71,7.56,0.2576,9.86,-1.26,15.4,FY2024 Annual Budget
BP_202406_BU03_LATAM,2024-06-30,BU03,Latin America,USD,39.22,9.32,2.43,0.2715,3.23,-0.29,4.51,FY2024 Annual Budget
BP_202406_BU03_NA,2024-06-30,BU03,North America,USD,227.2,56.28,14.28,0.2482,18.73,-2.71,29.84,FY2024 Annual Budget
BP_202406_BU04_APAC,2024-06-30,BU04,Asia Pacific,USD,138.58,25.62,9.08,0.2261,13.59,-2.1,10.39,FY2024 Annual Budget
BP_202406_BU04_EU,2024-06-30,BU04,Europe,USD,161.1,27.91,11.89,0.2575,15.8,-4.45,12.43,FY2024 Annual Budget
BP_202406_BU04_LATAM,2024-06-30,BU04,Latin America,USD,57.42,9.78,3.78,0.2719,5.63,-1.39,3.91,FY2024 Annual Budget
BP_202406_BU04_NA,2024-06-30,BU04,North America,USD,207.13,38.13,13.92,0.2466,20.31,-5.24,17.09,FY2024 Annual Budget
BP_202406_BU05_APAC,2024-06-30,BU05,Asia Pacific,USD,115.13,39.4,3.63,0.2253,8.81,7.5,15.03,FY2024 Annual Budget
BP_202406_BU05_EU,2024-06-30,BU05,Europe,USD,73.76,23.73,2.38,0.2579,5.64,4.61,7.97,FY2024 Annual Budget
BP_202406_BU05_LATAM,2024-06-30,BU05,Latin America,USD,37.02,12.0,1.19,0.2712,2.83,2.7,3.54,FY2024 Annual Budget
BP_202406_BU05_NA,2024-06-30,BU05,North America,USD,147.3,48.23,4.77,0.2485,11.27,8.12,18.04,FY2024 Annual Budget
BP_202407_BU01_APAC,2024-07-31,BU01,Asia Pacific,USD,178.34,55.93,8.74,0.2254,13.67,-10.74,42.36,FY2024 Annual Budget
BP_202407_BU01_EU,2024-07-31,BU01,Europe,USD,129.98,39.26,6.74,0.2575,8.66,-8.15,30.38,FY2024 Annual Budget
BP_202407_BU01_LATAM,2024-07-31,BU01,Latin America,USD,58.37,17.73,2.95,0.2712,3.89,-4.0,13.83,FY2024 Annual Budget
BP_202407_BU01_NA,2024-07-31,BU01,North America,USD,216.48,65.96,11.19,0.2483,14.42,-11.58,49.52,FY2024 Annual Budget
BP_202407_BU02_APAC,2024-07-31,BU02,Asia Pacific,USD,129.69,22.63,6.93,0.2253,8.37,0.5349999999999993,1.64,FY2024 Annual Budget
BP_202407_BU02_EU,2024-07-31,BU02,Europe,USD,142.45,23.13,7.78,0.2584,9.2,11.9,-1.94,FY2024 Annual Budget
BP_202407_BU02_LATAM,2024-07-31,BU02,Latin America,USD,66.53,10.41,3.61,0.272,4.3,5.59,-1.33,FY2024 Annual Budget
BP_202407_BU02_NA,2024-07-31,BU02,North America,USD,214.14,35.78,11.7,0.2473,13.83,17.5,-1.5,FY2024 Annual Budget
BP_202407_BU03_APAC,2024-07-31,BU03,Asia Pacific,USD,99.25,25.17,6.17,0.2254,8.04,0.98,11.87,FY2024 Annual Budget
BP_202407_BU03_EU,2024-07-31,BU03,Europe,USD,118.39,28.63,7.61,0.2576,9.59,1.8,11.83,FY2024 Annual Budget
BP_202407_BU03_LATAM,2024-07-31,BU03,Latin America,USD,38.84,9.33,2.44,0.2715,3.15,0.54,3.77,FY2024 Annual Budget
BP_202407_BU03_NA,2024-07-31,BU03,North America,USD,224.91,56.5,14.39,0.2482,18.21,3.79,24.05,FY2024 Annual Budget
BP_202407_BU04_APAC,2024-07-31,BU04,Asia Pacific,USD,129.8,23.23,9.13,0.2261,12.51,13.94,-6.41,FY2024 Annual Budget
BP_202407_BU04_EU,2024-07-31,BU04,Europe,USD,150.8,25.61,11.95,0.2575,14.53,20.17,-12.61,FY2024 Annual Budget
BP_202407_BU04_LATAM,2024-07-31,BU04,Latin America,USD,53.77,9.09,3.8,0.2719,5.18,7.08,-4.61,FY2024 Annual Budget
BP_202407_BU04_NA,2024-07-31,BU04,North America,USD,193.92,33.95,13.99,0.2466,18.68,24.54,-14.19,FY2024 Annual Budget
BP_202407_BU05_APAC,2024-07-31,BU05,Asia Pacific,USD,113.37,38.44,3.68,0.2253,7.89,-2.98,25.7,FY2024 Annual Budget
BP_202407_BU05_EU,2024-07-31,BU05,Europe,USD,72.59,23.57,2.41,0.2579,5.05,-1.84,14.9,FY2024 Annual Budget
BP_202407_BU05_LATAM,2024-07-31,BU05,Latin America,USD,36.45,11.95,1.21,0.2712,2.54,-1.07,7.57,FY2024 Annual Budget
BP_202407_BU05_NA,2024-07-31,BU05,North America,USD,145.0,47.74,4.84,0.2485,10.1,-3.17,30.15,FY2024 Annual Budget
BP_202408_BU01_APAC,2024-08-31,BU01,Asia Pacific,USD,181.13,56.69,8.72,0.2254,13.58,1.93,30.37,FY2024 Annual Budget
BP_202408_BU01_EU,2024-08-31,BU01,Europe,USD,131.57,39.67,6.7,0.2575,8.55,0.89,21.74,FY2024 Annual Budget
BP_202408_BU01_LATAM,2024-08-31,BU01,Latin America,USD,59.11,17.56,2.94,0.2712,3.84,0.48,9.28,FY2024 Annual Budget
BP_202408_BU01_NA,2024-08-31,BU01,North America,USD,219.17,67.2,11.12,0.2483,14.25,1.27,37.76,FY2024 Annual Budget
BP_202408_BU02_APAC,2024-08-31,BU02,Asia Pacific,USD,133.02,23.21,6.98,0.2253,8.38,-6.57,17.74,FY2024 Annual Budget
BP_202408_BU02_EU,2024-08-31,BU02,Europe,USD,146.03,24.29,7.84,0.2584,9.2,-8.98,19.82,FY2024 Annual Budget
BP_202408_BU02_LATAM,2024-08-31,BU02,Latin America,USD,68.23,10.94,3.63,0.272,4.3,-4.29,8.94,FY2024 Annual Budget
BP_202408_BU02_NA,2024-08-31,BU02,North America,USD,219.56,36.68,11.78,0.2473,13.83,-12.35,29.04,FY2024 Annual Budget
BP_202408_BU03_APAC,2024-08-31,BU03,Asia Pacific,USD,100.29,25.74,6.22,0.2254,7.92,-2.42,15.84,FY2024 Annual Budget
BP_202408_BU03_EU,2024-08-31,BU03,Europe,USD,119.57,29.1,7.67,0.2576,9.45,-3.43,17.56,FY2024 Annual Budget
BP_202408_BU03_LATAM,2024-08-31,BU03,Latin America,USD,39.24,9.54,2.46,0.2715,3.1,-1.1,5.62,FY2024 Annual Budget
BP_202408_BU03_NA,2024-08-31,BU03,North America,USD,227.19,56.99,14.5,0.2482,17.95,-6.37,34.86,FY2024 Annual Budget
BP_202408_BU04_APAC,2024-08-31,BU04,Asia Pacific,USD,128.92,23.52,9.17,0.2261,12.12,-25.75,33.91,FY2024 Annual Budget
BP_202408_BU04_EU,2024-08-31,BU04,Europe,USD,149.7,25.37,12.0,0.2575,14.07,-32.32,40.18,FY2024 Annual Budget
BP_202408_BU04_LATAM,2024-08-31,BU04,Latin America,USD,53.4,9.0,3.82,0.2719,5.02,-11.65,14.22,FY2024 Annual Budget
BP_202408_BU04_NA,2024-08-31,BU04,North America,USD,192.54,33.9,14.06,0.2466,18.1,-39.45,50.36,FY2024 Annual Budget
BP_202408_BU05_APAC,2024-08-31,BU05,Asia Pacific,USD,116.14,39.34,3.77,0.2253,7.93,2.53,20.87,FY2024 Annual Budget
BP_202408_BU05_EU,2024-08-31,BU05,Europe,USD,74.33,24.2,2.47,0.2579,5.08,1.54,11.98,FY2024 Annual Budget
BP_202408_BU05_LATAM,2024-08-31,BU05,Latin America,USD,37.33,12.29,1.23,0.2712,2.55,0.9,5.84,FY2024 Annual Budget
BP_202408_BU05_NA,2024-08-31,BU05,North America,USD,148.48,49.18,4.94,0.2485,10.14,2.73,25.32,FY2024 Annual Budget
BP_202409_BU01_APAC,2024-09-30,BU01,Asia Pacific,USD,199.3,64.42,8.7,0.2254,14.62,17.77,19.47,FY2024 Annual Budget
BP_202409_BU01_EU,2024-09-30,BU01,Europe,USD,144.29,44.28,6.67,0.2575,9.14,12.17,13.29,FY2024 Annual Budget
BP_202409_BU01_LATAM,2024-09-30,BU01,Latin America,USD,64.84,19.66,2.92,0.2712,4.11,6.02,4.99,FY2024 Annual Budget
BP_202409_BU01_NA,2024-09-30,BU01,North America,USD,240.39,73.9,11.06,0.2483,15.23,17.44,25.63,FY2024 Annual Budget
BP_202409_BU02_APAC,2024-09-30,BU02,Asia Pacific,USD,141.95,25.8,7.04,0.2253,8.72,10.35,2.5,FY2024 Annual Budget
BP_202409_BU02_EU,2024-09-30,BU02,Europe,USD,155.74,26.46,7.89,0.2584,9.57,9.63,2.46,FY2024 Annual Budget
BP_202409_BU02_LATAM,2024-09-30,BU02,Latin America,USD,72.79,12.16,3.66,0.272,4.47,4.93,0.45,FY2024 Annual Budget
BP_202409_BU02_NA,2024-09-30,BU02,North America,USD,234.19,40.86,11.86,0.2473,14.39,13.64,5.66,FY2024 Annual Budget
BP_202409_BU03_APAC,2024-09-30,BU03,Asia Pacific,USD,103.38,26.75,6.27,0.2254,7.96,4.5,9.67,FY2024 Annual Budget
BP_202409_BU03_EU,2024-09-30,BU03,Europe,USD,123.19,30.08,7.73,0.2576,9.49,4.73,10.1,FY2024 Annual Budget
BP_202409_BU03_LATAM,2024-09-30,BU03,Latin America,USD,40.44,9.73,2.48,0.2715,3.11,1.76,2.89,FY2024 Annual Budget
BP_202409_BU03_NA,2024-09-30,BU03,North America,USD,234.1,59.03,14.61,0.2482,18.03,8.22,21.75,FY2024 Annual Budget
BP_202409_BU04_APAC,2024-09-30,BU04,Asia Pacific,USD,141.38,26.37,9.22,0.2261,12.96,-5.07,14.6,FY2024 Annual Budget
BP_202409_BU04_EU,2024-09-30,BU04,Europe,USD,164.07,29.27,12.05,0.2575,15.04,-9.93,19.73,FY2024 Annual Budget
BP_202409_BU04_LATAM,2024-09-30,BU04,Latin America,USD,58.55,10.16,3.84,0.2719,5.37,-3.21,6.28,FY2024 Annual Budget
BP_202409_BU04_NA,2024-09-30,BU04,North America,USD,211.06,38.94,14.13,0.2466,19.34,-11.9,25.38,FY2024 Annual Budget
BP_202409_BU05_APAC,2024-09-30,BU05,Asia Pacific,USD,118.96,40.82,3.85,0.2253,8.68,4.69,19.12,FY2024 Annual Budget
BP_202409_BU05_EU,2024-09-30,BU05,Europe,USD,76.09,25.15,2.52,0.2579,5.55,2.84,10.92,FY2024 Annual Budget
BP_202409_BU05_LATAM,2024-09-30,BU05,Latin America,USD,38.23,12.52,1.26,0.2712,2.79,1.67,5.01,FY2024 Annual Budget
BP_202409_BU05_NA,2024-09-30,BU05,North America,USD,152.03,49.89,5.06,0.2485,11.09,5.0,22.66,FY2024 Annual Budget
BP_202410_BU01_APAC,2024-10-31,BU01,Asia Pacific,USD,196.58,63.19,8.68,0.2254,14.19,-3.22,39.93,FY2024 Annual Budget
BP_202410_BU01_EU,2024-10-31,BU01,Europe,USD,141.85,42.8,6.63,0.2575,8.82,-2.65,27.32,FY2024 Annual Budget
BP_202410_BU01_LATAM,2024-10-31,BU01,Latin America,USD,63.77,19.2,2.91,0.2712,3.97,-1.31,12.12,FY2024 Annual Budget
BP_202410_BU01_NA,2024-10-31,BU01,North America,USD,236.37,72.79,11.01,0.2483,14.7,-3.58,46.33,FY2024 Annual Budget
BP_202410_BU02_APAC,2024-10-31,BU02,Asia Pacific,USD,157.93,29.97,7.09,0.2253,9.52,28.68,-13.38,FY2024 Annual Budget
BP_202410_BU02_EU,2024-10-31,BU02,Europe,USD,173.18,31.02,7.95,0.2584,10.44,32.04,-17.42,FY2024 Annual Budget
BP_202410_BU02_LATAM,2024-10-31,BU02,Latin America,USD,80.98,14.21,3.69,0.272,4.88,15.85,-9.38,FY2024 Annual Budget
BP_202410_BU02_NA,2024-10-31,BU02,North America,USD,260.46,47.33,11.95,0.2473,15.7,44.86,-21.98,FY2024 Annual Budget
BP_202410_BU03_APAC,2024-10-31,BU03,Asia Pacific,USD,103.43,26.74,6.32,0.2254,7.82,3.48,10.84,FY2024 Annual Budget
BP_202410_BU03_EU,2024-10-31,BU03,Europe,USD,123.18,30.12,7.78,0.2576,9.31,4.75,10.31,FY2024 Annual Budget
BP_202410_BU03_LATAM,2024-10-31,BU03,Latin America,USD,40.46,9.74,2.5,0.2715,3.06,1.59,3.12,FY2024 Annual Budget
BP_202410_BU03_NA,2024-10-31,BU03,North America,USD,234.12,58.89,14.71,0.2482,17.69,9.11,21.12,FY2024 Annual Budget
BP_202410_BU04_APAC,2024-10-31,BU04,Asia Pacific,USD,140.54,26.92,9.27,0.2261,12.64,30.56,-20.27,FY2024 Annual Budget
BP_202410_BU04_EU,2024-10-31,BU04,Europe,USD,163.01,29.33,12.11,0.2575,14.66,38.9,-28.66,FY2024 Annual Budget
BP_202410_BU04_LATAM,2024-10-31,BU04,Latin America,USD,58.19,10.16,3.86,0.2719,5.23,14.07,-10.85,FY2024 Annual Budget
BP_202410_BU04_NA,2024-10-31,BU04,North America,USD,209.72,38.25,14.2,0.2466,18.86,47.67,-34.21,FY2024 Annual Budget
BP_202410_BU05_APAC,2024-10-31,BU05,Asia Pacific,USD,123.02,42.69,3.94,0.2253,7.76,1.27,24.93,FY2024 Annual Budget
BP_202410_BU05_EU,2024-10-31,BU05,Europe,USD,78.65,26.03,2.58,0.2579,4.96,0.78,14.24,FY2024 Annual Budget
BP_202410_BU05_LATAM,2024-10-31,BU05,Latin America,USD,39.53,13.03,1.29,0.2712,2.49,0.45,6.91,FY2024 Annual Budget
BP_202410_BU05_NA,2024-10-31,BU05,North America,USD,157.17,52.19,5.16,0.2485,9.92,1.44,29.14,FY2024 Annual Budget
BP_202411_BU01_APAC,2024-11-30,BU01,Asia Pacific,USD,201.64,64.61,8.67,0.2254,14.47,11.25,26.28,FY2024 Annual Budget
BP_202411_BU01_EU,2024-11-30,BU01,Europe,USD,145.02,43.76,6.6,0.2575,8.95,7.56,17.68,FY2024 Annual Budget
BP_202411_BU01_LATAM,2024-11-30,BU01,Latin America,USD,65.22,19.68,2.89,0.2712,4.03,3.73,7.37,FY2024 Annual Budget
BP_202411_BU01_NA,2024-11-30,BU01,North America,USD,241.68,75.39,10.95,0.2483,14.92,10.92,33.55,FY2024 Annual Budget
BP_202411_BU02_APAC,2024-11-30,BU02,Asia Pacific,USD,178.27,35.58,7.15,0.2253,10.67,26.08,-7.58,FY2024 Annual Budget
BP_202411_BU02_EU,2024-11-30,BU02,Europe,USD,195.37,35.98,8.02,0.2584,11.69,26.9,-9.83,FY2024 Annual Budget
BP_202411_BU02_LATAM,2024-11-30,BU02,Latin America,USD,91.39,16.69,3.72,0.272,5.47,13.86,-6.17,FY2024 Annual Budget
BP_202411_BU02_NA,2024-11-30,BU02,North America,USD,293.88,55.38,12.05,0.2473,17.59,36.2,-9.13,FY2024 Annual Budget
BP_202411_BU03_APAC,2024-11-30,BU03,Asia Pacific,USD,103.99,26.86,6.36,0.2254,7.8,1.31,13.13,FY2024 Annual Budget
BP_202411_BU03_EU,2024-11-30,BU03,Europe,USD,123.78,30.38,7.84,0.2576,9.29,0.85,14.43,FY2024 Annual Budget
BP_202411_BU03_LATAM,2024-11-30,BU03,Latin America,USD,40.67,9.95,2.52,0.2715,3.05,0.42,4.46,FY2024 Annual Budget
BP_202411_BU03_NA,2024-11-30,BU03,North America,USD,235.29,58.71,14.82,0.2482,17.66,1.24,28.92,FY2024 Annual Budget
BP_202411_BU04_APAC,2024-11-30,BU04,Asia Pacific,USD,135.66,25.29,9.32,0.2261,12.11,-4.6,14.17,FY2024 Annual Budget
BP_202411_BU04_EU,2024-11-30,BU04,Europe,USD,157.26,28.3,12.17,0.2575,14.04,-6.33,16.44,FY2024 Annual Budget
BP_202411_BU04_LATAM,2024-11-30,BU04,Latin America,USD,56.16,9.95,3.87,0.2719,5.02,-2.22,5.5,FY2024 Annual Budget
BP_202411_BU04_NA,2024-11-30,BU04,North America,USD,202.36,37.1,14.27,0.2466,18.07,-7.57,20.97,FY2024 Annual Budget
BP_202411_BU05_APAC,2024-11-30,BU05,Asia Pacific,USD,129.57,45.15,4.02,0.2253,6.79,8.86,20.23,FY2024 Annual Budget
BP_202411_BU05_EU,2024-11-30,BU05,Europe,USD,82.8,27.21,2.63,0.2579,4.34,5.44,11.09,FY2024 Annual Budget
BP_202411_BU05_LATAM,2024-11-30,BU05,Latin America,USD,41.63,13.91,1.31,0.2712,2.18,3.18,5.13,FY2024 Annual Budget
BP_202411_BU05_NA,2024-11-30,BU05,North America,USD,165.48,54.57,5.26,0.2485,8.67,9.61,24.04,FY2024 Annual Budget
BP_202412_BU01_APAC,2024-12-31,BU01,Asia Pacific,USD,212.82,67.77,8.67,0.2254,15.36,4.15,34.94,FY2024 Annual Budget
BP_202412_BU01_EU,2024-12-31,BU01,Europe,USD,152.56,46.94,6.57,0.2575,9.49,2.45,24.6,FY2024 Annual Budget
BP_202412_BU01_LATAM,2024-12-31,BU01,Latin America,USD,68.63,21.01,2.88,0.2712,4.27,1.21,10.61,FY2024 Annual Budget
BP_202412_BU01_NA,2024-12-31,BU01,North America,USD,254.28,80.22,10.91,0.2483,15.81,3.58,43.62,FY2024 Annual Budget
BP_202412_BU02_APAC,2024-12-31,BU02,Asia Pacific,USD,181.86,36.47,7.21,0.2253,10.96,29.61,-10.69,FY2024 Annual Budget
BP_202412_BU02_EU,2024-12-31,BU02,Europe,USD,199.19,37.78,8.09,0.2584,12.01,35.4,-17.3,FY2024 Annual Budget
BP_202412_BU02_LATAM,2024-12-31,BU02,Latin America,USD,93.22,17.11,3.75,0.272,5.62,17.32,-9.46,FY2024 Annual Budget
BP_202412_BU02_NA,2024-12-31,BU02,North America,USD,299.68,57.31,12.16,0.2473,18.06,49.69,-21.61,FY2024 Annual Budget
BP_202412_BU03_APAC,2024-12-31,BU03,Asia Pacific,USD,103.52,26.86,6.41,0.2254,7.82,1.2,13.23,FY2024 Annual Budget
BP_202412_BU03_EU,2024-12-31,BU03,Europe,USD,123.15,30.16,7.89,0.2576,9.31,2.03,13.08,FY2024 Annual Budget
BP_202412_BU03_LATAM,2024-12-31,BU03,Latin America,USD,40.48,9.76,2.54,0.2715,3.06,0.64,4.1,FY2024 Annual Budget
BP_202412_BU03_NA,2024-12-31,BU03,North America,USD,234.13,57.71,14.92,0.2482,17.7,4.2,25.19,FY2024 Annual Budget
BP_202412_BU04_APAC,2024-12-31,BU04,Asia Pacific,USD,126.7,23.62,9.36,0.2261,11.39,2.47,6.54,FY2024 Annual Budget
BP_202412_BU04_EU,2024-12-31,BU04,Europe,USD,146.79,25.96,12.22,0.2575,13.2,5.99,3.23,FY2024 Annual Budget
BP_202412_BU04_LATAM,2024-12-31,BU04,Latin America,USD,52.44,9.17,3.89,0.2719,4.72,1.94,1.07,FY2024 Annual Budget
BP_202412_BU04_NA,2024-12-31,BU04,North America,USD,194.685,33.83,14.34,0.2466,16.99,7.17,4.86,FY2024 Annual Budget
BP_202412_BU05_APAC,2024-12-31,BU05,Asia Pacific,USD,133.85,46.76,4.09,0.2253,6.69,1.37,29.09,FY2024 Annual Budget
BP_202412_BU05_EU,2024-12-31,BU05,Europe,USD,85.49,28.18,2.67,0.2579,4.27,0.86,16.47,FY2024 Annual Budget
BP_202412_BU05_LATAM,2024-12-31,BU05,Latin America,USD,43.0,13.99,1.34,0.2712,2.15,0.5,7.91,FY2024 Annual Budget
BP_202412_BU05_NA,2024-12-31,BU05,North America,USD,170.89,56.77,5.35,0.2485,8.54,1.57,33.88,FY2024 Annual Budget
BP_202501_BU01_APAC,2025-01-31,BU01,Asia Pacific,USD,203.75,65.51,8.76,0.2259,14.95,-16.94,54.68,FY2025 Annual Budget
BP_202501_BU01_EU,2025-01-31,BU01,Europe,USD,143.96,43.89,6.57,0.2565,9.12,-4.57,29.77,FY2025 Annual Budget
BP_202501_BU01_LATAM,2025-01-31,BU01,Latin America,USD,63.54,18.82,2.88,0.2727,4.03,-3.77,14.21,FY2025 Annual Budget
BP_202501_BU01_NA,2025-01-31,BU01,North America,USD,239.1,73.6,10.91,0.2463,15.15,-8.56,51.57,FY2025 Annual Budget
BP_202501_BU02_APAC,2025-01-31,BU02,Asia Pacific,USD,118.01,21.1,7.29,0.2256,7.25,-59.73,70.46,FY2025 Annual Budget
BP_202501_BU02_EU,2025-01-31,BU02,Europe,USD,123.96,21.0,8.14,0.2586,7.61,-44.93,54.99,FY2025 Annual Budget
BP_202501_BU02_LATAM,2025-01-31,BU02,Latin America,USD,58.84,9.53,3.77,0.271,3.61,-32.38,36.74,FY2025 Annual Budget
BP_202501_BU02_NA,2025-01-31,BU02,North America,USD,190.99,33.11,12.25,0.2476,11.73,-64.59,80.81,FY2025 Annual Budget
BP_202501_BU03_APAC,2025-01-31,BU03,Asia Pacific,USD,104.27,26.66,6.46,0.2262,8.03,-0.75,14.81,FY2025 Annual Budget
BP_202501_BU03_EU,2025-01-31,BU03,Europe,USD,123.67,30.74,7.96,0.2575,9.53,-3.89,19.23,FY2025 Annual Budget
BP_202501_BU03_LATAM,2025-01-31,BU03,Latin America,USD,40.84,9.73,2.56,0.2719,3.15,-0.47,5.1,FY2025 Annual Budget
BP_202501_BU03_NA,2025-01-31,BU03,North America,USD,233.08,57.68,15.03,0.2484,17.95,-4.53,33.67,FY2025 Annual Budget
BP_202501_BU04_APAC,2025-01-31,BU04,Asia Pacific,USD,124.87,24.68,9.41,0.2257,11.44,-26.86,36.65,FY2025 Annual Budget
BP_202501_BU04_EU,2025-01-31,BU04,Europe,USD,141.53,25.47,12.26,0.2575,12.97,-36.86,45.96,FY2025 Annual Budget
BP_202501_BU04_LATAM,2025-01-31,BU04,Latin America,USD,50.93,9.26,3.91,0.2722,4.67,-10.55,13.68,FY2025 Annual Budget
BP_202501_BU04_NA,2025-01-31,BU04,North America,USD,187.01,35.37,14.42,0.2473,17.14,-42.24,55.29,FY2025 Annual Budget
BP_202501_BU05_APAC,2025-01-31,BU05,Asia Pacific,USD,115.33,38.88,4.16,0.226,5.85,-14.3,39.48,FY2025 Annual Budget
BP_202501_BU05_EU,2025-01-31,BU05,Europe,USD,73.52,24.25,2.71,0.2578,3.73,-6.84,21.81,FY2025 Annual Budget
BP_202501_BU05_LATAM,2025-01-31,BU05,Latin America,USD,38.39,12.22,1.37,0.2723,1.95,-5.47,12.79,FY2025 Annual Budget
BP_202501_BU05_NA,2025-01-31,BU05,North America,USD,150.58,49.01,5.46,0.2486,7.63,-16.5,47.05,FY2025 Annual Budget
BP_202502_BU01_APAC,2025-02-28,BU01,Asia Pacific,USD,207.37,65.19,8.76,0.2259,15.55,17.58,19.31,FY2025 Annual Budget
BP_202502_BU01_EU,2025-02-28,BU01,Europe,USD,145.94,44.68,6.55,0.2565,9.49,12.46,12.95,FY2025 Annual Budget
BP_202502_BU01_LATAM,2025-02-28,BU01,Latin America,USD,64.43,18.98,2.87,0.2727,4.19,5.89,4.51,FY2025 Annual Budget
BP_202502_BU01_NA,2025-02-28,BU01,North America,USD,242.42,74.86,10.87,0.2463,15.76,18.08,25.26,FY2025 Annual Budget
BP_202502_BU02_APAC,2025-02-28,BU02,Asia Pacific,USD,120.02,21.99,7.33,0.2256,7.56,-36.62,47.74,FY2025 Annual Budget
BP_202502_BU02_EU,2025-02-28,BU02,Europe,USD,126.0,21.78,8.18,0.2586,7.94,-41.98,52.3,FY2025 Annual Budget
BP_202502_BU02_LATAM,2025-02-28,BU02,Latin America,USD,59.84,10.13,3.8,0.271,3.77,-20.21,24.85,FY2025 Annual Budget
BP_202502_BU02_NA,2025-02-28,BU02,North America,USD,194.17,34.35,12.32,0.2476,12.23,-62.8,79.47,FY2025 Annual Budget
BP_202502_BU03_APAC,2025-02-28,BU03,Asia Pacific,USD,104.86,27.18,6.51,0.2262,8.28,4.94,9.28,FY2025 Annual Budget
BP_202502_BU03_EU,2025-02-28,BU03,Europe,USD,124.31,30.26,8.02,0.2575,9.82,9.31,5.4,FY2025 Annual Budget
BP_202502_BU03_LATAM,2025-02-28,BU03,Latin America,USD,41.07,9.89,2.58,0.2719,3.24,1.47,3.19,FY2025 Annual Budget
BP_202502_BU03_NA,2025-02-28,BU03,North America,USD,234.32,58.65,15.14,0.2484,18.51,12.87,16.46,FY2025 Annual Budget
BP_202502_BU04_APAC,2025-02-28,BU04,Asia Pacific,USD,129.36,26.09,9.46,0.2257,12.16,-17.13,27.31,FY2025 Annual Budget
BP_202502_BU04_EU,2025-02-28,BU04,Europe,USD,146.53,27.63,12.32,0.2575,13.77,-18.24,28.16,FY2025 Annual Budget
BP_202502_BU04_LATAM,2025-02-28,BU04,Latin America,USD,52.75,9.81,3.93,0.2722,4.96,-10.95,14.2,FY2025 Annual Budget
BP_202502_BU04_NA,2025-02-28,BU04,North America,USD,193.65,37.61,14.49,0.2473,18.2,-23.52,37.21,FY2025 Annual Budget
BP_202502_BU05_APAC,2025-02-28,BU05,Asia Pacific,USD,118.06,39.76,4.22,0.226,6.14,9.33,16.26,FY2025 Annual Budget
BP_202502_BU05_EU,2025-02-28,BU05,Europe,USD,75.22,24.76,2.75,0.2578,3.91,5.6,9.58,FY2025 Annual Budget
BP_202502_BU05_LATAM,2025-02-28,BU05,Latin America,USD,39.29,12.54,1.39,0.2723,2.04,3.24,4.22,FY2025 Annual Budget
BP_202502_BU05_NA,2025-02-28,BU05,North America,USD,154.09,50.53,5.54,0.2486,8.01,9.73,21.61,FY2025 Annual Budget
BP_202503_BU01_APAC,2025-03-31,BU01,Asia Pacific,USD,224.24,71.7,8.78,0.2259,17.18,-3.08,43.39,FY2025 Annual Budget
BP_202503_BU01_EU,2025-03-31,BU01,Europe,USD,157.19,48.23,6.53,0.2565,10.47,-2.28,29.34,FY2025 Annual Budget
BP_202503_BU01_LATAM,2025-03-31,BU01,Latin America,USD,69.43,20.97,2.86,0.2727,4.63,-0.96,12.36,FY2025 Annual Budget
BP_202503_BU01_NA,2025-03-31,BU01,North America,USD,261.15,81.63,10.84,0.2463,17.4,-2.83,49.62,FY2025 Annual Budget
BP_202503_BU02_APAC,2025-03-31,BU02,Asia Pacific,USD,133.81,25.92,7.38,0.2256,8.64,-3.96,17.06,FY2025 Annual Budget
BP_202503_BU02_EU,2025-03-31,BU02,Europe,USD,140.4,25.55,8.23,0.2586,9.07,-1.9,13.9,FY2025 Annual Budget
BP_202503_BU02_LATAM,2025-03-31,BU02,Latin America,USD,66.7,11.69,3.82,0.271,4.31,-1.01,6.26,FY2025 Annual Budget
BP_202503_BU02_NA,2025-03-31,BU02,North America,USD,216.39,40.45,12.4,0.2476,13.97,-3.01,22.54,FY2025 Annual Budget
BP_202503_BU03_APAC,2025-03-31,BU03,Asia Pacific,USD,108.66,28.06,6.56,0.2262,8.8,5.89,8.51,FY2025 Annual Budget
BP_202503_BU03_EU,2025-03-31,BU03,Europe,USD,128.74,32.05,8.08,0.2575,10.42,9.11,6.35,FY2025 Annual Budget
BP_202503_BU03_LATAM,2025-03-31,BU03,Latin America,USD,42.55,10.43,2.6,0.2719,3.45,3.07,1.78,FY2025 Annual Budget
BP_202503_BU03_NA,2025-03-31,BU03,North America,USD,242.71,61.43,15.26,0.2484,19.65,16.38,13.93,FY2025 Annual Budget
BP_202503_BU04_APAC,2025-03-31,BU04,Asia Pacific,USD,140.77,29.67,9.51,0.2257,13.56,31.13,-19.57,FY2025 Annual Budget
BP_202503_BU04_EU,2025-03-31,BU04,Europe,USD,159.37,30.38,12.37,0.2575,15.36,38.23,-27.85,FY2025 Annual Budget
BP_202503_BU04_LATAM,2025-03-31,BU04,Latin America,USD,57.39,11.01,3.95,0.2722,5.53,13.95,-10.39,FY2025 Annual Budget
BP_202503_BU04_NA,2025-03-31,BU04,North America,USD,210.65,43.15,14.56,0.2473,20.3,48.03,-32.25,FY2025 Annual Budget
BP_202503_BU05_APAC,2025-03-31,BU05,Asia Pacific,USD,127.21,42.79,4.29,0.226,6.81,-3.37,30.65,FY2025 Annual Budget
BP_202503_BU05_EU,2025-03-31,BU05,Europe,USD,81.01,26.46,2.8,0.2578,4.34,-2.36,18.38,FY2025 Annual Budget
BP_202503_BU05_LATAM,2025-03-31,BU05,Latin America,USD,42.33,13.81,1.42,0.2723,2.27,-1.61,9.78,FY2025 Annual Budget
BP_202503_BU05_NA,2025-03-31,BU05,North America,USD,165.96,55.39,5.63,0.2486,8.89,-3.7,37.83,FY2025 Annual Budget
BP_202504_BU01_APAC,2025-04-30,BU01,Asia Pacific,USD,221.5,71.19,8.8,0.2259,17.24,6.34,33.52,FY2025 Annual Budget
BP_202504_BU01_EU,2025-04-30,BU01,Europe,USD,154.67,47.09,6.52,0.2565,10.49,3.85,22.34,FY2025 Annual Budget
BP_202504_BU01_LATAM,2025-04-30,BU01,Latin America,USD,68.33,20.36,2.86,0.2727,4.63,1.83,9.13,FY2025 Annual Budget
BP_202504_BU01_NA,2025-04-30,BU01,North America,USD,256.99,80.34,10.83,0.2463,17.43,5.47,40.32,FY2025 Annual Budget
BP_202504_BU02_APAC,2025-04-30,BU02,Asia Pacific,USD,134.43,26.27,7.43,0.2256,8.84,-8.5,21.68,FY2025 Annual Budget
BP_202504_BU02_EU,2025-04-30,BU02,Europe,USD,140.97,25.8,8.29,0.2586,9.27,-9.13,21.13,FY2025 Annual Budget
BP_202504_BU02_LATAM,2025-04-30,BU02,Latin America,USD,67.0,11.88,3.85,0.271,4.4,-3.86,9.16,FY2025 Annual Budget
BP_202504_BU02_NA,2025-04-30,BU02,North America,USD,217.31,40.1,12.49,0.2476,14.28,-16.05,35.03,FY2025 Annual Budget
BP_202504_BU03_APAC,2025-04-30,BU03,Asia Pacific,USD,107.14,27.91,6.61,0.2262,8.83,-2.21,16.47,FY2025 Annual Budget
BP_202504_BU03_EU,2025-04-30,BU03,Europe,USD,126.87,31.7,8.14,0.2575,10.46,-3.19,18.36,FY2025 Annual Budget
BP_202504_BU03_LATAM,2025-04-30,BU03,Latin America,USD,41.94,10.23,2.62,0.2719,3.46,-0.95,5.65,FY2025 Annual Budget
BP_202504_BU03_NA,2025-04-30,BU03,North America,USD,239.22,61.09,15.37,0.2484,19.72,-6.88,36.89,FY2025 Annual Budget
BP_202504_BU04_APAC,2025-04-30,BU04,Asia Pacific,USD,142.56,30.37,9.56,0.2257,13.98,1.68,10.01,FY2025 Annual Budget
BP_202504_BU04_EU,2025-04-30,BU04,Europe,USD,161.3,31.84,12.43,0.2575,15.82,0.69,10.33,FY2025 Annual Budget
BP_202504_BU04_LATAM,2025-04-30,BU04,Latin America,USD,58.11,11.41,3.97,0.2722,5.7,0.21,3.47,FY2025 Annual Budget
BP_202504_BU04_NA,2025-04-30,BU04,North America,USD,213.24,44.07,14.64,0.2473,20.91,-2.59,18.51,FY2025 Annual Budget
BP_202504_BU05_APAC,2025-04-30,BU05,Asia Pacific,USD,126.26,41.75,4.37,0.226,7.23,3.92,22.15,FY2025 Annual Budget
BP_202504_BU05_EU,2025-04-30,BU05,Europe,USD,80.37,26.17,2.84,0.2578,4.6,2.43,13.13,FY2025 Annual Budget
BP_202504_BU05_LATAM,2025-04-30,BU05,Latin America,USD,42.01,13.41,1.44,0.2723,2.4,1.44,6.31,FY2025 Annual Budget
BP_202504_BU05_NA,2025-04-30,BU05,North America,USD,164.67,54.38,5.72,0.2486,9.42,4.44,28.42,FY2025 Annual Budget
BP_202505_BU01_APAC,2025-05-31,BU01,Asia Pacific,USD,225.43,72.2,8.83,0.2259,17.64,-2.66,42.9,FY2025 Annual Budget
BP_202505_BU01_EU,2025-05-31,BU01,Europe,USD,156.79,47.8,6.52,0.2565,10.7,-2.53,29.04,FY2025 Annual Budget
BP_202505_BU01_LATAM,2025-05-31,BU01,Latin America,USD,69.3,20.83,2.86,0.2727,4.73,-1.16,12.36,FY2025 Annual Budget
BP_202505_BU01_NA,2025-05-31,BU01,North America,USD,260.56,81.25,10.82,0.2463,17.78,-3.47,49.59,FY2025 Annual Budget
BP_202505_BU02_APAC,2025-05-31,BU02,Asia Pacific,USD,142.47,28.56,7.49,0.2256,9.42,10.01,4.38,FY2025 Annual Budget
BP_202505_BU02_EU,2025-05-31,BU02,Europe,USD,149.32,27.64,8.34,0.2586,9.88,10.66,2.11,FY2025 Annual Budget
BP_202505_BU02_LATAM,2025-05-31,BU02,Latin America,USD,71.0,12.94,3.87,0.271,4.7,5.38,0.4,FY2025 Annual Budget
BP_202505_BU02_NA,2025-05-31,BU02,North America,USD,230.22,43.18,12.57,0.2476,15.23,15.53,4.84,FY2025 Annual Budget
BP_202505_BU03_APAC,2025-05-31,BU03,Asia Pacific,USD,106.68,27.31,6.66,0.2262,8.85,-1.03,14.82,FY2025 Annual Budget
BP_202505_BU03_EU,2025-05-31,BU03,Europe,USD,126.26,31.03,8.2,0.2575,10.47,-0.67,15.35,FY2025 Annual Budget
BP_202505_BU03_LATAM,2025-05-31,BU03,Latin America,USD,41.76,10.09,2.64,0.2719,3.46,-0.31,4.91,FY2025 Annual Budget
BP_202505_BU03_NA,2025-05-31,BU03,North America,USD,238.1,59.37,15.49,0.2484,19.75,-0.72,29.44,FY2025 Annual Budget
BP_202505_BU04_APAC,2025-05-31,BU04,Asia Pacific,USD,144.35,30.76,9.61,0.2257,14.25,18.21,-6.47,FY2025 Annual Budget
BP_202505_BU04_EU,2025-05-31,BU04,Europe,USD,163.24,32.18,12.49,0.2575,16.11,22.7,-11.7,FY2025 Annual Budget
BP_202505_BU04_LATAM,2025-05-31,BU04,Latin America,USD,58.84,11.75,3.99,0.2722,5.81,8.25,-4.42,FY2025 Annual Budget
BP_202505_BU04_NA,2025-05-31,BU04,North America,USD,215.84,44.99,14.72,0.2473,21.3,28.59,-12.39,FY2025 Annual Budget
BP_202505_BU05_APAC,2025-05-31,BU05,Asia Pacific,USD,129.18,42.39,4.45,0.226,8.78,-0.97,26.01,FY2025 Annual Budget
BP_202505_BU05_EU,2025-05-31,BU05,Europe,USD,82.18,26.53,2.9,0.2578,5.58,-0.65,15.51,FY2025 Annual Budget
BP_202505_BU05_LATAM,2025-05-31,BU05,Latin America,USD,42.98,13.83,1.47,0.2723,2.92,-0.35,7.89,FY2025 Annual Budget
BP_202505_BU05_NA,2025-05-31,BU05,North America,USD,168.42,55.19,5.83,0.2486,11.44,-1.13,32.61,FY2025 Annual Budget
BP_202506_BU01_APAC,2025-06-30,BU01,Asia Pacific,USD,238.7,77.34,8.87,0.2259,18.57,16.9,26.4,FY2025 Annual Budget
BP_202506_BU01_EU,2025-06-30,BU01,Europe,USD,165.37,49.67,6.52,0.2565,11.21,11.0,16.39,FY2025 Annual Budget
BP_202506_BU01_LATAM,2025-06-30,BU01,Latin America,USD,73.12,22.12,2.86,0.2727,4.96,5.23,6.68,FY2025 Annual Budget
BP_202506_BU01_NA,2025-06-30,BU01,North America,USD,274.85,87.41,10.82,0.2463,18.64,15.32,34.59,FY2025 Annual Budget
BP_202506_BU02_APAC,2025-06-30,BU02,Asia Pacific,USD,146.11,29.57,7.54,0.2256,9.6,7.28,7.72,FY2025 Annual Budget
BP_202506_BU02_EU,2025-06-30,BU02,Europe,USD,153.06,29.3,8.4,0.2586,10.06,6.67,7.17,FY2025 Annual Budget
BP_202506_BU02_LATAM,2025-06-30,BU02,Latin America,USD,72.8,13.79,3.9,0.271,4.78,3.6,2.73,FY2025 Annual Budget
BP_202506_BU02_NA,2025-06-30,BU02,North America,USD,236.01,44.92,12.67,0.2476,15.51,9.23,12.19,FY2025 Annual Budget
BP_202506_BU03_APAC,2025-06-30,BU03,Asia Pacific,USD,108.37,27.9,6.71,0.2262,8.93,-0.78,14.96,FY2025 Annual Budget
BP_202506_BU03_EU,2025-06-30,BU03,Europe,USD,128.19,31.99,8.26,0.2575,10.57,-2.0,17.31,FY2025 Annual Budget
BP_202506_BU03_LATAM,2025-06-30,BU03,Latin America,USD,42.41,10.32,2.66,0.2719,3.5,-0.54,5.28,FY2025 Annual Budget
BP_202506_BU03_NA,2025-06-30,BU03,North America,USD,241.79,60.87,15.61,0.2484,19.93,-3.96,33.66,FY2025 Annual Budget
BP_202506_BU04_APAC,2025-06-30,BU04,Asia Pacific,USD,146.16,30.98,9.66,0.2257,14.33,-3.76,15.6,FY2025 Annual Budget
BP_202506_BU04_EU,2025-06-30,BU04,Europe,USD,165.19,32.89,12.55,0.2575,16.2,-6.34,17.79,FY2025 Annual Budget
BP_202506_BU04_LATAM,2025-06-30,BU04,Latin America,USD,59.56,11.8,4.02,0.2722,5.84,-2.07,5.91,FY2025 Annual Budget
BP_202506_BU04_NA,2025-06-30,BU04,North America,USD,218.45,45.48,14.8,0.2473,21.42,-7.98,24.45,FY2025 Annual Budget
BP_202506_BU05_APAC,2025-06-30,BU05,Asia Pacific,USD,136.12,44.37,4.55,0.226,10.41,9.0,15.96,FY2025 Annual Budget
BP_202506_BU05_EU,2025-06-30,BU05,Europe,USD,86.56,27.32,2.96,0.2578,6.62,5.57,8.85,FY2025 Annual Budget
BP_202506_BU05_LATAM,2025-06-30,BU05,Latin America,USD,45.28,14.44,1.5,0.2723,3.46,3.33,4.13,FY2025 Annual Budget
BP_202506_BU05_NA,2025-06-30,BU05,North America,USD,177.41,56.37,5.96,0.2486,13.57,10.0,20.27,FY2025 Annual Budget
BP_202507_BU01_APAC,2025-07-31,BU01,Asia Pacific,USD,226.43,72.29,8.97,0.2259,17.35,-13.21,53.85,FY2025 Annual Budget
BP_202507_BU01_EU,2025-07-31,BU01,Europe,USD,156.25,46.87,6.57,0.2565,10.41,-9.69,35.81,FY2025 Annual Budget
BP_202507_BU01_LATAM,2025-07-31,BU01,Latin America,USD,69.11,20.72,2.88,0.2727,4.6,-4.58,15.84,FY2025 Annual Budget
BP_202507_BU01_NA,2025-07-31,BU01,North America,USD,259.73,80.59,10.9,0.2463,17.3,-13.33,59.46,FY2025 Annual Budget
BP_202507_BU02_APAC,2025-07-31,BU02,Asia Pacific,USD,140.8,28.12,7.6,0.2256,9.09,9.57,4.83,FY2025 Annual Budget
BP_202507_BU02_EU,2025-07-31,BU02,Europe,USD,147.41,27.72,8.46,0.2586,9.52,12.04,1.18,FY2025 Annual Budget
BP_202507_BU02_LATAM,2025-07-31,BU02,Latin America,USD,70.14,13.1,3.93,0.271,4.53,5.65,0.43,FY2025 Annual Budget
BP_202507_BU02_NA,2025-07-31,BU02,North America,USD,227.33,44.01,12.76,0.2476,14.68,18.61,2.98,FY2025 Annual Budget
BP_202507_BU03_APAC,2025-07-31,BU03,Asia Pacific,USD,107.36,27.6,6.77,0.2262,8.69,1.08,13.12,FY2025 Annual Budget
BP_202507_BU03_EU,2025-07-31,BU03,Europe,USD,126.92,31.31,8.32,0.2575,10.28,2.02,13.09,FY2025 Annual Budget
BP_202507_BU03_LATAM,2025-07-31,BU03,Latin America,USD,42.01,10.25,2.68,0.2719,3.4,0.63,4.16,FY2025 Annual Budget
BP_202507_BU03_NA,2025-07-31,BU03,North America,USD,239.43,60.01,15.73,0.2484,19.39,4.07,25.55,FY2025 Annual Budget
BP_202507_BU04_APAC,2025-07-31,BU04,Asia Pacific,USD,136.81,28.72,9.72,0.2257,13.18,13.08,-1.83,FY2025 Annual Budget
BP_202507_BU04_EU,2025-07-31,BU04,Europe,USD,154.54,30.27,12.61,0.2575,14.89,18.65,-7.82,FY2025 Annual Budget
BP_202507_BU04_LATAM,2025-07-31,BU04,Latin America,USD,55.74,10.73,4.04,0.2722,5.37,6.54,-3.0,FY2025 Annual Budget
BP_202507_BU04_NA,2025-07-31,BU04,North America,USD,204.39,41.69,14.88,0.2473,19.69,23.77,-8.4,FY2025 Annual Budget
BP_202507_BU05_APAC,2025-07-31,BU05,Asia Pacific,USD,133.85,44.83,4.65,0.226,9.32,-3.86,30.29,FY2025 Annual Budget
BP_202507_BU05_EU,2025-07-31,BU05,Europe,USD,85.07,27.15,3.03,0.2578,5.92,-2.4,17.41,FY2025 Annual Budget
BP_202507_BU05_LATAM,2025-07-31,BU05,Latin America,USD,44.52,14.23,1.54,0.2723,3.1,-1.43,9.1,FY2025 Annual Budget
BP_202507_BU05_NA,2025-07-31,BU05,North America,USD,174.38,56.04,6.1,0.2486,12.14,-4.23,35.71,FY2025 Annual Budget
BP_202508_BU01_APAC,2025-08-31,BU01,Asia Pacific,USD,230.45,73.96,9.13,0.2259,17.28,2.99,39.04,FY2025 Annual Budget
BP_202508_BU01_EU,2025-08-31,BU01,Europe,USD,158.4,47.76,6.66,0.2565,10.3,1.34,25.58,FY2025 Annual Budget
BP_202508_BU01_LATAM,2025-08-31,BU01,Latin America,USD,70.08,20.77,2.92,0.2727,4.56,0.68,10.66,FY2025 Annual Budget
BP_202508_BU01_NA,2025-08-31,BU01,North America,USD,263.34,80.7,11.06,0.2463,17.12,1.85,44.58,FY2025 Annual Budget
BP_202508_BU02_APAC,2025-08-31,BU02,Asia Pacific,USD,144.46,29.47,7.65,0.2256,9.1,-6.8,22.25,FY2025 Annual Budget
BP_202508_BU02_EU,2025-08-31,BU02,Europe,USD,151.16,29.0,8.52,0.2586,9.52,-8.87,23.05,FY2025 Annual Budget
BP_202508_BU02_LATAM,2025-08-31,BU02,Latin America,USD,71.95,12.91,3.96,0.271,4.53,-4.24,10.19,FY2025 Annual Budget
BP_202508_BU02_NA,2025-08-31,BU02,North America,USD,233.15,44.97,12.84,0.2476,14.69,-12.89,35.21,FY2025 Annual Budget
BP_202508_BU03_APAC,2025-08-31,BU03,Asia Pacific,USD,108.52,28.12,6.82,0.2262,8.57,-2.53,17.26,FY2025 Annual Budget
BP_202508_BU03_EU,2025-08-31,BU03,Europe,USD,128.23,31.74,8.39,0.2575,10.13,-3.63,19.23,FY2025 Annual Budget
BP_202508_BU03_LATAM,2025-08-31,BU03,Latin America,USD,42.46,10.33,2.7,0.2719,3.35,-1.17,6.08,FY2025 Annual Budget
BP_202508_BU03_NA,2025-08-31,BU03,North America,USD,241.93,60.38,15.84,0.2484,19.11,-6.48,36.69,FY2025 Annual Budget
BP_202508_BU04_APAC,2025-08-31,BU04,Asia Pacific,USD,135.8,28.37,9.77,0.2257,12.77,-25.9,37.3,FY2025 Annual Budget
BP_202508_BU04_EU,2025-08-31,BU04,Europe,USD,153.31,29.56,12.67,0.2575,14.41,-31.74,42.54,FY2025 Annual Budget
BP_202508_BU04_LATAM,2025-08-31,BU04,Latin America,USD,55.32,10.66,4.06,0.2722,5.2,-11.52,15.18,FY2025 Annual Budget
BP_202508_BU04_NA,2025-08-31,BU04,North America,USD,202.8,41.04,14.95,0.2473,19.06,-39.71,55.24,FY2025 Annual Budget
BP_202508_BU05_APAC,2025-08-31,BU05,Asia Pacific,USD,136.92,46.43,4.75,0.226,9.35,2.9,24.76,FY2025 Annual Budget
BP_202508_BU05_EU,2025-08-31,BU05,Europe,USD,86.98,28.43,3.09,0.2578,5.94,1.76,14.2,FY2025 Annual Budget
BP_202508_BU05_LATAM,2025-08-31,BU05,Latin America,USD,45.53,15.0,1.57,0.2723,3.11,1.07,7.16,FY2025 Annual Budget
BP_202508_BU05_NA,2025-08-31,BU05,North America,USD,178.32,58.76,6.22,0.2486,12.18,3.2,30.32,FY2025 Annual Budget
BP_202509_BU01_APAC,2025-09-30,BU01,Asia Pacific,USD,254.08,81.41,9.3,0.2259,18.64,23.34,23.14,FY2025 Annual Budget
BP_202509_BU01_EU,2025-09-30,BU01,Europe,USD,173.96,53.19,6.76,0.2565,11.02,15.16,15.1,FY2025 Annual Budget
BP_202509_BU01_LATAM,2025-09-30,BU01,Latin America,USD,76.99,23.2,2.97,0.2727,4.88,7.21,5.59,FY2025 Annual Budget
BP_202509_BU01_NA,2025-09-30,BU01,North America,USD,289.25,90.1,11.23,0.2463,18.33,21.07,31.27,FY2025 Annual Budget
BP_202509_BU02_APAC,2025-09-30,BU02,Asia Pacific,USD,154.2,32.04,7.71,0.2256,9.47,11.04,6.04,FY2025 Annual Budget
BP_202509_BU02_EU,2025-09-30,BU02,Europe,USD,161.26,31.2,8.58,0.2586,9.91,9.76,5.68,FY2025 Annual Budget
BP_202509_BU02_LATAM,2025-09-30,BU02,Latin America,USD,76.79,14.44,3.98,0.271,4.72,5.19,1.7,FY2025 Annual Budget
BP_202509_BU02_NA,2025-09-30,BU02,North America,USD,248.77,49.32,12.93,0.2476,15.28,13.99,11.04,FY2025 Annual Budget
BP_202509_BU03_APAC,2025-09-30,BU03,Asia Pacific,USD,111.9,28.99,6.87,0.2262,8.62,5.0,10.37,FY2025 Annual Budget
BP_202509_BU03_EU,2025-09-30,BU03,Europe,USD,132.15,32.58,8.45,0.2575,10.18,5.21,10.98,FY2025 Annual Budget
BP_202509_BU03_LATAM,2025-09-30,BU03,Latin America,USD,43.77,10.7,2.72,0.2719,3.37,1.93,3.23,FY2025 Annual Budget
BP_202509_BU03_NA,2025-09-30,BU03,North America,USD,249.37,62.68,15.95,0.2484,19.21,8.69,23.17,FY2025 Annual Budget
BP_202509_BU04_APAC,2025-09-30,BU04,Asia Pacific,USD,148.83,32.16,9.82,0.2257,13.64,-4.68,18.16,FY2025 Annual Budget
BP_202509_BU04_EU,2025-09-30,BU04,Europe,USD,167.92,33.02,12.72,0.2575,15.39,-9.22,21.62,FY2025 Annual Budget
BP_202509_BU04_LATAM,2025-09-30,BU04,Latin America,USD,60.62,12.09,4.08,0.2722,5.56,-2.92,7.27,FY2025 Annual Budget
BP_202509_BU04_NA,2025-09-30,BU04,North America,USD,222.17,46.66,15.03,0.2473,20.36,-11.88,30.36,FY2025 Annual Budget
BP_202509_BU05_APAC,2025-09-30,BU05,Asia Pacific,USD,140.05,46.98,4.85,0.226,10.22,5.51,21.73,FY2025 Annual Budget
BP_202509_BU05_EU,2025-09-30,BU05,Europe,USD,88.92,28.96,3.15,0.2578,6.49,3.37,12.45,FY2025 Annual Budget
BP_202509_BU05_LATAM,2025-09-30,BU05,Latin America,USD,46.56,15.19,1.6,0.2723,3.4,2.03,6.06,FY2025 Annual Budget
BP_202509_BU05_NA,2025-09-30,BU05,North America,USD,182.32,60.65,6.35,0.2486,13.3,6.04,27.81,FY2025 Annual Budget
BP_202510_BU01_APAC,2025-10-31,BU01,Asia Pacific,USD,251.13,80.27,9.47,0.2259,18.13,-3.6,49.75,FY2025 Annual Budget
BP_202510_BU01_EU,2025-10-31,BU01,Europe,USD,171.26,51.98,6.86,0.2565,10.65,-2.99,32.75,FY2025 Annual Budget
BP_202510_BU01_LATAM,2025-10-31,BU01,Latin America,USD,75.83,22.74,3.01,0.2727,4.72,-1.42,14.06,FY2025 Annual Budget
BP_202510_BU01_NA,2025-10-31,BU01,North America,USD,284.81,88.07,11.39,0.2463,17.71,-3.89,55.36,FY2025 Annual Budget
BP_202510_BU02_APAC,2025-10-31,BU02,Asia Pacific,USD,171.62,36.61,7.77,0.2256,10.34,30.35,-10.59,FY2025 Annual Budget
BP_202510_BU02_EU,2025-10-31,BU02,Europe,USD,179.38,35.52,8.64,0.2586,10.81,32.15,-14.39,FY2025 Annual Budget
BP_202510_BU02_LATAM,2025-10-31,BU02,Latin America,USD,85.45,16.6,4.01,0.271,5.15,16.22,-8.18,FY2025 Annual Budget
BP_202510_BU02_NA,2025-10-31,BU02,North America,USD,276.77,56.41,13.03,0.2476,16.68,46.62,-17.63,FY2025 Annual Budget
BP_202510_BU03_APAC,2025-10-31,BU03,Asia Pacific,USD,111.99,29.62,6.92,0.2262,8.46,3.8,12.23,FY2025 Annual Budget
BP_202510_BU03_EU,2025-10-31,BU03,Europe,USD,132.18,32.96,8.51,0.2575,9.99,5.22,11.45,FY2025 Annual Budget
BP_202510_BU03_LATAM,2025-10-31,BU03,Latin America,USD,43.8,10.68,2.74,0.2719,3.31,1.73,3.48,FY2025 Annual Budget
BP_202510_BU03_NA,2025-10-31,BU03,North America,USD,249.46,61.88,16.07,0.2484,18.85,9.63,22.02,FY2025 Annual Budget
BP_202510_BU04_APAC,2025-10-31,BU04,Asia Pacific,USD,147.85,32.55,9.87,0.2257,13.3,29.93,-15.8,FY2025 Annual Budget
BP_202510_BU04_EU,2025-10-31,BU04,Europe,USD,166.72,33.93,12.78,0.2575,14.99,37.28,-23.79,FY2025 Annual Budget
BP_202510_BU04_LATAM,2025-10-31,BU04,Latin America,USD,59.349999999999994,12.15,4.1,0.2722,5.41,13.53,-8.98,FY2025 Annual Budget
BP_202510_BU04_NA,2025-10-31,BU04,North America,USD,220.61,46.69,15.1,0.2473,19.84,46.99,-27.95,FY2025 Annual Budget
BP_202510_BU05_APAC,2025-10-31,BU05,Asia Pacific,USD,144.62,48.72,4.95,0.226,9.13,1.32,28.38,FY2025 Annual Budget
BP_202510_BU05_EU,2025-10-31,BU05,Europe,USD,91.78,30.18,3.22,0.2578,5.79,0.82,16.62,FY2025 Annual Budget
BP_202510_BU05_LATAM,2025-10-31,BU05,Latin America,USD,48.08,15.55,1.64,0.2723,3.03,0.49,8.24,FY2025 Annual Budget
BP_202510_BU05_NA,2025-10-31,BU05,North America,USD,188.21,62.65,6.49,0.2486,11.88,1.55,35.26,FY2025 Annual Budget
BP_202511_BU01_APAC,2025-11-30,BU01,Asia Pacific,USD,258.12,83.44,9.64,0.2259,18.52,15.03,33.22,FY2025 Annual Budget
BP_202511_BU01_EU,2025-11-30,BU01,Europe,USD,175.33,53.5,6.96,0.2565,10.83,9.53,21.2,FY2025 Annual Budget
BP_202511_BU01_LATAM,2025-11-30,BU01,Latin America,USD,77.66,23.32,3.05,0.2727,4.8,4.53,8.46,FY2025 Annual Budget
BP_202511_BU01_NA,2025-11-30,BU01,North America,USD,291.62,90.78,11.56,0.2463,18.01,13.38,39.88,FY2025 Annual Budget
BP_202511_BU02_APAC,2025-11-30,BU02,Asia Pacific,USD,193.77,42.08,7.83,0.2256,11.6,27.71,-4.96,FY2025 Annual Budget
BP_202511_BU02_EU,2025-11-30,BU02,Europe,USD,202.42,40.89,8.71,0.2586,12.11,26.95,-6.49,FY2025 Annual Budget
BP_202511_BU02_LATAM,2025-11-30,BU02,Latin America,USD,96.47,19.25,4.05,0.271,5.77,14.29,-4.93,FY2025 Annual Budget
BP_202511_BU02_NA,2025-11-30,BU02,North America,USD,312.38,65.97,13.13,0.2476,18.7,37.21,-3.02,FY2025 Annual Budget
BP_202511_BU03_APAC,2025-11-30,BU03,Asia Pacific,USD,112.63,29.51,6.97,0.2262,8.45,1.53,14.43,FY2025 Annual Budget
BP_202511_BU03_EU,2025-11-30,BU03,Europe,USD,132.87,33.11,8.57,0.2575,9.97,1.0,15.82,FY2025 Annual Budget
BP_202511_BU03_LATAM,2025-11-30,BU03,Latin America,USD,44.04,10.63,2.76,0.2719,3.31,0.48,4.7,FY2025 Annual Budget
BP_202511_BU03_NA,2025-11-30,BU03,North America,USD,250.8,62.61,16.18,0.2484,18.82,1.44,30.82,FY2025 Annual Budget
BP_202511_BU04_APAC,2025-11-30,BU04,Asia Pacific,USD,142.62,30.74,9.92,0.2257,12.74,-4.73,18.03,FY2025 Annual Budget
BP_202511_BU04_EU,2025-11-30,BU04,Europe,USD,160.74,31.22,12.84,0.2575,14.35,-6.36,18.5,FY2025 Annual Budget
BP_202511_BU04_LATAM,2025-11-30,BU04,Latin America,USD,58.08,11.56,4.12,0.2722,5.19,-2.22,6.56,FY2025 Annual Budget
BP_202511_BU04_NA,2025-11-30,BU04,North America,USD,212.73,43.53,15.18,0.2473,19.0,-7.82,25.34,FY2025 Annual Budget
BP_202511_BU05_APAC,2025-11-30,BU05,Asia Pacific,USD,152.11,52.38,5.04,0.226,7.97,10.56,23.15,FY2025 Annual Budget
BP_202511_BU05_EU,2025-11-30,BU05,Europe,USD,96.48,31.93,3.27,0.2578,5.05,6.53,12.96,FY2025 Annual Budget
BP_202511_BU05_LATAM,2025-11-30,BU05,Latin America,USD,50.56,16.74,1.67,0.2723,2.65,3.91,6.08,FY2025 Annual Budget
BP_202511_BU05_NA,2025-11-30,BU05,North America,USD,197.88,65.25,6.6,0.2486,10.36,11.76,28.55,FY2025 Annual Budget
BP_202512_BU01_APAC,2025-12-31,BU01,Asia Pacific,USD,273.0,88.79,9.82,0.2259,19.71,5.94,45.3,FY2025 Annual Budget
BP_202512_BU01_EU,2025-12-31,BU01,Europe,USD,184.72,56.66,7.06,0.2565,11.49,3.28,29.17,FY2025 Annual Budget
BP_202512_BU01_LATAM,2025-12-31,BU01,Latin America,USD,81.84,24.88,3.1,0.2727,5.09,1.58,12.27,FY2025 Annual Budget
BP_202512_BU01_NA,2025-12-31,BU01,North America,USD,307.26,97.02,11.73,0.2463,19.11,4.65,52.25,FY2025 Annual Budget
BP_202512_BU02_APAC,2025-12-31,BU02,Asia Pacific,USD,197.74,43.72,7.9,0.2256,11.92,31.3,-7.58,FY2025 Annual Budget
BP_202512_BU02_EU,2025-12-31,BU02,Europe,USD,206.45,41.97,8.78,0.2586,12.44,35.55,-14.6,FY2025 Annual Budget
BP_202512_BU02_LATAM,2025-12-31,BU02,Latin America,USD,98.43,19.51,4.08,0.271,5.93,17.61,-8.21,FY2025 Annual Budget
BP_202512_BU02_NA,2025-12-31,BU02,North America,USD,318.64,66.67,13.25,0.2476,19.21,52.06,-17.83,FY2025 Annual Budget
BP_202512_BU03_APAC,2025-12-31,BU03,Asia Pacific,USD,112.15,29.27,7.02,0.2262,8.48,1.32,14.44,FY2025 Annual Budget
BP_202512_BU03_EU,2025-12-31,BU03,Europe,USD,132.23,32.55,8.62,0.2575,9.99,2.29,14.11,FY2025 Annual Budget
BP_202512_BU03_LATAM,2025-12-31,BU03,Latin America,USD,43.85,10.47,2.78,0.2719,3.31,0.72,4.35,FY2025 Annual Budget
BP_202512_BU03_NA,2025-12-31,BU03,North America,USD,249.64,62.24,16.29,0.2484,18.87,4.51,27.45,FY2025 Annual Budget
BP_202512_BU04_APAC,2025-12-31,BU04,Asia Pacific,USD,133.12,27.54,9.96,0.2257,11.97,1.57,10.03,FY2025 Annual Budget
BP_202512_BU04_EU,2025-12-31,BU04,Europe,USD,149.94,27.87,12.89,0.2575,13.48,4.81,5.72,FY2025 Annual Budget
BP_202512_BU04_LATAM,2025-12-31,BU04,Latin America,USD,54.2,10.3,4.14,0.2722,4.87,1.48,2.27,FY2025 Annual Budget
BP_202512_BU04_NA,2025-12-31,BU04,North America,USD,198.48,39.12,15.25,0.2473,17.85,6.38,8.99,FY2025 Annual Budget
BP_202512_BU05_APAC,2025-12-31,BU05,Asia Pacific,USD,156.91,54.48,5.12,0.226,7.84,1.44,34.04,FY2025 Annual Budget
BP_202512_BU05_EU,2025-12-31,BU05,Europe,USD,99.47,32.86,3.33,0.2578,4.97,0.88,19.4,FY2025 Annual Budget
BP_202512_BU05_LATAM,2025-12-31,BU05,Latin America,USD,52.15,17.56,1.69,0.2723,2.61,0.54,10.09,FY2025 Annual Budget
BP_202512_BU05_NA,2025-12-31,BU05,North America,USD,204.06,67.3,6.71,0.2486,10.2,1.68,40.36,FY2025 Annual Budget
BP_202601_BU01_APAC,2026-01-31,BU01,Asia Pacific,USD,262.55,83.89,10.15,0.2261,19.89,-18.41,65.74,FY2026 Annual Budget
BP_202601_BU01_EU,2026-01-31,BU01,Europe,USD,168.62,50.01,7.16,0.2573,11.04,-15.16,43.1,FY2026 Annual Budget
BP_202601_BU01_LATAM,2026-01-31,BU01,Latin America,USD,75.44,22.17,3.15,0.2716,4.94,-5.48,17.54,FY2026 Annual Budget
BP_202601_BU01_NA,2026-01-31,BU01,North America,USD,279.71,86.37,11.89,0.2481,18.31,-4.84,54.42,FY2026 Annual Budget
BP_202601_BU02_APAC,2026-01-31,BU02,Asia Pacific,USD,121.49,23.17,7.95,0.2267,7.71,-53.09,65.1,FY2026 Annual Budget
BP_202601_BU02_EU,2026-01-31,BU02,Europe,USD,130.55,23.17,8.85,0.2568,8.28,-52.36,63.57,FY2026 Annual Budget
BP_202601_BU02_LATAM,2026-01-31,BU02,Latin America,USD,61.43,10.34,4.11,0.272,3.89,-31.29,36.05,FY2026 Annual Budget
BP_202601_BU02_NA,2026-01-31,BU02,North America,USD,197.23,35.84,13.32,0.2503,12.51,-63.59,81.28,FY2026 Annual Budget
BP_202601_BU03_APAC,2026-01-31,BU03,Asia Pacific,USD,110.51,28.37,7.06,0.2261,8.79,-6.43,21.19,FY2026 Annual Budget
BP_202601_BU03_EU,2026-01-31,BU03,Europe,USD,128.38,31.16,8.67,0.2576,10.21,-1.94,17.1,FY2026 Annual Budget
BP_202601_BU03_LATAM,2026-01-31,BU03,Latin America,USD,43.35,10.47,2.79,0.2724,3.45,-1.58,6.51,FY2026 Annual Budget
BP_202601_BU03_NA,2026-01-31,BU03,North America,USD,249.38,62.26,16.41,0.2477,19.84,-13.79,44.85,FY2026 Annual Budget
BP_202601_BU04_APAC,2026-01-31,BU04,Asia Pacific,USD,125.47,25.39,9.99,0.2261,11.88,-28.02,38.05,FY2026 Annual Budget
BP_202601_BU04_EU,2026-01-31,BU04,Europe,USD,123.44,23.34,12.88,0.2583,12.7,-37.39,45.33,FY2026 Annual Budget
BP_202601_BU04_LATAM,2026-01-31,BU04,Latin America,USD,51.35,9.65,4.15,0.2725,4.86,-12.07,15.36,FY2026 Annual Budget
BP_202601_BU04_NA,2026-01-31,BU04,North America,USD,187.0,36.27,15.29,0.2478,17.7,-39.94,53.31,FY2026 Annual Budget
BP_202601_BU05_APAC,2026-01-31,BU05,Asia Pacific,USD,142.76,49.09,5.26,0.2262,7.48,-20.38,52.08,FY2026 Annual Budget
BP_202601_BU05_EU,2026-01-31,BU05,Europe,USD,90.84,29.77,3.41,0.2586,4.76,-10.83,29.02,FY2026 Annual Budget
BP_202601_BU05_LATAM,2026-01-31,BU05,Latin America,USD,46.54,14.96,1.73,0.2721,2.44,-5.71,14.63,FY2026 Annual Budget
BP_202601_BU05_NA,2026-01-31,BU05,North America,USD,183.75,61.16,6.84,0.2483,9.63,-8.06,46.1,FY2026 Annual Budget
BP_202602_BU01_APAC,2026-02-28,BU01,Asia Pacific,USD,267.39,85.76,10.34,0.2261,20.71,24.33,23.67,FY2026 Annual Budget
BP_202602_BU01_EU,2026-02-28,BU01,Europe,USD,170.94,51.49,7.27,0.2573,11.47,13.76,14.88,FY2026 Annual Budget
BP_202602_BU01_LATAM,2026-02-28,BU01,Latin America,USD,76.51,23.02,3.19,0.2716,5.13,6.8,5.7,FY2026 Annual Budget
BP_202602_BU01_NA,2026-02-28,BU01,North America,USD,283.59,87.37,12.06,0.2481,19.04,20.17,29.48,FY2026 Annual Budget
BP_202602_BU02_APAC,2026-02-28,BU02,Asia Pacific,USD,123.5,23.28,8.0,0.2267,8.04,-37.41,49.19,FY2026 Annual Budget
BP_202602_BU02_EU,2026-02-28,BU02,Europe,USD,132.64,23.49,8.9,0.2568,8.63,-44.56,55.67,FY2026 Annual Budget
BP_202602_BU02_LATAM,2026-02-28,BU02,Latin America,USD,62.44,10.73,4.13,0.272,4.06,-21.35,26.22,FY2026 Annual Budget
BP_202602_BU02_NA,2026-02-28,BU02,North America,USD,200.41,36.0,13.39,0.2503,13.04,-64.77,82.07,FY2026 Annual Budget
BP_202602_BU03_APAC,2026-02-28,BU03,Asia Pacific,USD,111.15,28.63,7.11,0.2261,9.07,7.15,7.54,FY2026 Annual Budget
BP_202602_BU03_EU,2026-02-28,BU03,Europe,USD,129.05,30.94,8.73,0.2576,10.52,7.81,6.89,FY2026 Annual Budget
BP_202602_BU03_LATAM,2026-02-28,BU03,Latin America,USD,43.6,10.42,2.82,0.2724,3.55,1.79,3.01,FY2026 Annual Budget
BP_202602_BU03_NA,2026-02-28,BU03,North America,USD,250.73,62.51,16.53,0.2477,20.46,16.65,14.01,FY2026 Annual Budget
BP_202602_BU04_APAC,2026-02-28,BU04,Asia Pacific,USD,130.06,26.11,10.03,0.2261,12.63,-11.26,21.1,FY2026 Annual Budget
BP_202602_BU04_EU,2026-02-28,BU04,Europe,USD,127.87,23.83,12.93,0.2583,13.47,3.63,3.91,FY2026 Annual Budget
BP_202602_BU04_LATAM,2026-02-28,BU04,Latin America,USD,53.22,10.27,4.17,0.2725,5.16,-7.61,11.06,FY2026 Annual Budget
BP_202602_BU04_NA,2026-02-28,BU04,North America,USD,193.75,38.08,15.36,0.2478,18.81,-18.51,32.15,FY2026 Annual Budget
BP_202602_BU05_APAC,2026-02-28,BU05,Asia Pacific,USD,146.35,49.78,5.34,0.2262,7.86,10.86,21.01,FY2026 Annual Budget
BP_202602_BU05_EU,2026-02-28,BU05,Europe,USD,93.08,30.62,3.46,0.2586,5.0,7.16,11.44,FY2026 Annual Budget
BP_202602_BU05_LATAM,2026-02-28,BU05,Latin America,USD,47.7,15.33,1.76,0.2721,2.56,4.0,5.08,FY2026 Annual Budget
BP_202602_BU05_NA,2026-02-28,BU05,North America,USD,188.31,61.98,6.95,0.2483,10.11,12.34,25.87,FY2026 Annual Budget
BP_202603_BU01_APAC,2026-03-31,BU01,Asia Pacific,USD,289.34,93.95,10.54,0.2261,22.9,-3.39,55.58,FY2026 Annual Budget
BP_202603_BU01_EU,2026-03-31,BU01,Europe,USD,184.12,56.54,7.38,0.2573,12.67,-3.79,35.01,FY2026 Annual Budget
BP_202603_BU01_LATAM,2026-03-31,BU01,Latin America,USD,82.44,24.53,3.24,0.2716,5.67,-1.4,14.48,FY2026 Annual Budget
BP_202603_BU01_NA,2026-03-31,BU01,North America,USD,305.5,94.95,12.25,0.2481,21.02,-4.12,57.53,FY2026 Annual Budget
BP_202603_BU02_APAC,2026-03-31,BU02,Asia Pacific,USD,137.62,27.03,8.05,0.2267,9.18,-2.67,16.22,FY2026 Annual Budget
BP_202603_BU02_EU,2026-03-31,BU02,Europe,USD,147.73,26.82,8.95,0.2568,9.85,-1.32,13.7,FY2026 Annual Budget
BP_202603_BU02_LATAM,2026-03-31,BU02,Latin America,USD,69.57,12.68,4.16,0.272,4.64,-1.45,7.17,FY2026 Annual Budget
BP_202603_BU02_NA,2026-03-31,BU02,North America,USD,223.24,41.39,13.47,0.2503,14.89,-2.7,22.21,FY2026 Annual Budget
BP_202603_BU03_APAC,2026-03-31,BU03,Asia Pacific,USD,115.18,29.85,7.17,0.2261,9.64,6.74,8.34,FY2026 Annual Budget
BP_202603_BU03_EU,2026-03-31,BU03,Europe,USD,133.66,32.5,8.8,0.2576,11.18,9.6,5.61,FY2026 Annual Budget
BP_202603_BU03_LATAM,2026-03-31,BU03,Latin America,USD,45.17,11.12,2.84,0.2724,3.78,3.12,1.96,FY2026 Annual Budget
BP_202603_BU03_NA,2026-03-31,BU03,North America,USD,259.73,65.89,16.65,0.2477,21.72,17.63,14.34,FY2026 Annual Budget
BP_202603_BU04_APAC,2026-03-31,BU04,Asia Pacific,USD,141.61,29.71,10.09,0.2261,14.09,31.9,-20.72,FY2026 Annual Budget
BP_202603_BU04_EU,2026-03-31,BU04,Europe,USD,139.15,26.62,12.98,0.2583,15.0,48.61,-40.51,FY2026 Annual Budget
BP_202603_BU04_LATAM,2026-03-31,BU04,Latin America,USD,57.94,11.36,4.19,0.2725,5.76,15.18,-11.53,FY2026 Annual Budget
BP_202603_BU04_NA,2026-03-31,BU04,North America,USD,210.88,42.29,15.43,0.2478,20.99,51.41,-36.77,FY2026 Annual Budget
BP_202603_BU05_APAC,2026-03-31,BU05,Asia Pacific,USD,157.91,54.11,5.43,0.2262,8.74,-4.06,38.42,FY2026 Annual Budget
BP_202603_BU05_EU,2026-03-31,BU05,Europe,USD,100.38,33.18,3.52,0.2586,5.55,-3.32,23.28,FY2026 Annual Budget
BP_202603_BU05_LATAM,2026-03-31,BU05,Latin America,USD,51.46,16.4,1.79,0.2721,2.85,-1.15,10.72,FY2026 Annual Budget
BP_202603_BU05_NA,2026-03-31,BU05,North America,USD,203.11,68.32,7.06,0.2483,11.24,-3.45,45.32,FY2026 Annual Budget
BP_202604_BU01_APAC,2026-04-30,BU01,Asia Pacific,USD,286.0,91.39,10.75,0.2261,22.98,8.4,41.78,FY2026 Annual Budget
BP_202604_BU01_EU,2026-04-30,BU01,Europe,USD,181.16,55.33,7.49,0.2573,12.69,4.43,25.9,FY2026 Annual Budget
BP_202604_BU01_LATAM,2026-04-30,BU01,Latin America,USD,81.14,24.3,3.3,0.2716,5.68,2.2,10.72,FY2026 Annual Budget
BP_202604_BU01_NA,2026-04-30,BU01,North America,USD,300.63,92.92,12.44,0.2481,21.06,6.48,45.41,FY2026 Annual Budget
BP_202604_BU02_APAC,2026-04-30,BU02,Asia Pacific,USD,138.19,26.73,8.1,0.2267,9.38,-8.54,21.67,FY2026 Annual Budget
BP_202604_BU02_EU,2026-04-30,BU02,Europe,USD,148.26,26.78,9.01,0.2568,10.06,-9.29,21.45,FY2026 Annual Budget
BP_202604_BU02_LATAM,2026-04-30,BU02,Latin America,USD,69.85,12.49,4.18,0.272,4.74,-5.55,11.04,FY2026 Annual Budget
BP_202604_BU02_NA,2026-04-30,BU02,North America,USD,224.08,42.63,13.56,0.2503,15.21,-14.27,34.41,FY2026 Annual Budget
BP_202604_BU03_APAC,2026-04-30,BU03,Asia Pacific,USD,113.58,29.06,7.23,0.2261,9.67,-1.97,16.42,FY2026 Annual Budget
BP_202604_BU03_EU,2026-04-30,BU03,Europe,USD,131.73,32.26,8.87,0.2576,11.22,-3.79,18.8,FY2026 Annual Budget
BP_202604_BU03_LATAM,2026-04-30,BU03,Latin America,USD,44.54,10.78,2.86,0.2724,3.79,-1.05,5.88,FY2026 Annual Budget
BP_202604_BU03_NA,2026-04-30,BU03,North America,USD,256.02,63.78,16.78,0.2477,21.79,-6.2,36.55,FY2026 Annual Budget
BP_202604_BU04_APAC,2026-04-30,BU04,Asia Pacific,USD,143.49,29.89,10.14,0.2261,14.53,2.2,8.69,FY2026 Annual Budget
BP_202604_BU04_EU,2026-04-30,BU04,Europe,USD,140.92,26.27,13.04,0.2583,15.44,5.58,1.83,FY2026 Annual Budget
BP_202604_BU04_LATAM,2026-04-30,BU04,Latin America,USD,58.7,11.45,4.21,0.2725,5.95,0.92,2.61,FY2026 Annual Budget
BP_202604_BU04_NA,2026-04-30,BU04,North America,USD,213.59,43.84,15.51,0.2478,21.64,-0.93,16.11,FY2026 Annual Budget
BP_202604_BU05_APAC,2026-04-30,BU05,Asia Pacific,USD,156.96,53.27,5.52,0.2262,9.27,5.06,28.14,FY2026 Annual Budget
BP_202604_BU05_EU,2026-04-30,BU05,Europe,USD,99.72,32.65,3.58,0.2586,5.9,3.12,16.11,FY2026 Annual Budget
BP_202604_BU05_LATAM,2026-04-30,BU05,Latin America,USD,51.15,16.44,1.82,0.2721,3.03,1.82,7.61,FY2026 Annual Budget
BP_202604_BU05_NA,2026-04-30,BU05,North America,USD,201.81,67.26,7.18,0.2483,11.93,5.61,34.8,FY2026 Annual Budget
BP_202605_BU01_APAC,2026-05-31,BU01,Asia Pacific,USD,291.27,92.36,10.96,0.2261,23.54,-3.23,53.65,FY2026 Annual Budget
BP_202605_BU01_EU,2026-05-31,BU01,Europe,USD,183.65,55.88,7.61,0.2573,12.94,-2.92,33.44,FY2026 Annual Budget
BP_202605_BU01_LATAM,2026-05-31,BU01,Latin America,USD,82.28,24.43,3.35,0.2716,5.8,-1.41,14.31,FY2026 Annual Budget
BP_202605_BU01_NA,2026-05-31,BU01,North America,USD,304.81,94.47,12.64,0.2481,21.48,-4.14,56.83,FY2026 Annual Budget
BP_202605_BU02_APAC,2026-05-31,BU02,Asia Pacific,USD,146.39,28.87,8.16,0.2267,10.0,10.1,4.08,FY2026 Annual Budget
BP_202605_BU02_EU,2026-05-31,BU02,Europe,USD,156.97,29.34,9.07,0.2568,10.72,11.14,2.27,FY2026 Annual Budget
BP_202605_BU02_LATAM,2026-05-31,BU02,Latin America,USD,73.98,13.42,4.21,0.272,5.05,5.49,0.37,FY2026 Annual Budget
BP_202605_BU02_NA,2026-05-31,BU02,North America,USD,237.28,45.73,13.66,0.2503,16.22,15.79,5.69,FY2026 Annual Budget
BP_202605_BU03_APAC,2026-05-31,BU03,Asia Pacific,USD,113.1,29.05,7.28,0.2261,9.69,-1.03,15.47,FY2026 Annual Budget
BP_202605_BU03_EU,2026-05-31,BU03,Europe,USD,131.1,32.58,8.93,0.2576,11.23,-0.63,15.89,FY2026 Annual Budget
BP_202605_BU03_LATAM,2026-05-31,BU03,Latin America,USD,44.34,10.7,2.88,0.2724,3.8,-0.26,5.03,FY2026 Annual Budget
BP_202605_BU03_NA,2026-05-31,BU03,North America,USD,254.83,63.38,16.91,0.2477,21.83,-0.73,30.77,FY2026 Annual Budget
BP_202605_BU04_APAC,2026-05-31,BU04,Asia Pacific,USD,145.38,30.71,10.2,0.2261,14.82,18.6,-7.35,FY2026 Annual Budget
BP_202605_BU04_EU,2026-05-31,BU04,Europe,USD,142.7,25.87,13.1,0.2583,15.73,23.51,-16.67,FY2026 Annual Budget
BP_202605_BU04_LATAM,2026-05-31,BU04,Latin America,USD,59.46,11.7,4.23,0.2725,6.06,8.47,-4.87,FY2026 Annual Budget
BP_202605_BU04_NA,2026-05-31,BU04,North America,USD,216.32,45.08,15.59,0.2478,22.05,28.84,-13.12,FY2026 Annual Budget
BP_202605_BU05_APAC,2026-05-31,BU05,Asia Pacific,USD,160.82,53.84,5.63,0.2262,11.29,-0.98,32.62,FY2026 Annual Budget
BP_202605_BU05_EU,2026-05-31,BU05,Europe,USD,102.13,33.63,3.65,0.2586,7.17,-0.64,19.35,FY2026 Annual Budget
BP_202605_BU05_LATAM,2026-05-31,BU05,Latin America,USD,52.4,16.79,1.85,0.2721,3.68,-0.35,9.39,FY2026 Annual Budget
BP_202605_BU05_NA,2026-05-31,BU05,North America,USD,206.7,68.45,7.32,0.2483,14.51,-1.11,39.87,FY2026 Annual Budget
BP_202606_BU01_APAC,2026-06-30,BU01,Asia Pacific,USD,308.63,99.1,11.19,0.2261,24.81,22.11,32.3,FY2026 Annual Budget
BP_202606_BU01_EU,2026-06-30,BU01,Europe,USD,193.7,59.96,7.74,0.2573,13.57,12.73,20.22,FY2026 Annual Budget
BP_202606_BU01_LATAM,2026-06-30,BU01,Latin America,USD,86.82,25.85,3.41,0.2716,6.08,6.3,7.38,FY2026 Annual Budget
BP_202606_BU01_NA,2026-06-30,BU01,North America,USD,321.53,99.32,12.84,0.2481,22.52,18.25,37.09,FY2026 Annual Budget
BP_202606_BU02_APAC,2026-06-30,BU02,Asia Pacific,USD,150.06,29.72,8.22,0.2267,10.18,7.18,7.49,FY2026 Annual Budget
BP_202606_BU02_EU,2026-06-30,BU02,Europe,USD,160.81,30.36,9.14,0.2568,10.92,6.79,7.2,FY2026 Annual Budget
BP_202606_BU02_LATAM,2026-06-30,BU02,Latin America,USD,75.82,13.91,4.24,0.272,5.14,3.54,2.6,FY2026 Annual Budget
BP_202606_BU02_NA,2026-06-30,BU02,North America,USD,243.13,46.89,13.76,0.2503,16.5,9.36,12.74,FY2026 Annual Budget
BP_202606_BU03_APAC,2026-06-30,BU03,Asia Pacific,USD,114.9,29.35,7.34,0.2261,9.78,-0.88,15.47,FY2026 Annual Budget
BP_202606_BU03_EU,2026-06-30,BU03,Europe,USD,133.12,32.99,9.0,0.2576,11.33,-2.1,17.58,FY2026 Annual Budget
BP_202606_BU03_LATAM,2026-06-30,BU03,Latin America,USD,45.04,10.93,2.91,0.2724,3.83,-0.6,5.52,FY2026 Annual Budget
BP_202606_BU03_NA,2026-06-30,BU03,North America,USD,258.8,65.14,17.04,0.2477,22.03,-4.19,35.39,FY2026 Annual Budget
BP_202606_BU04_APAC,2026-06-30,BU04,Asia Pacific,USD,147.28,31.04,10.25,0.2261,14.91,-3.69,15.12,FY2026 Annual Budget
BP_202606_BU04_EU,2026-06-30,BU04,Europe,USD,144.48,25.4,13.16,0.2583,15.83,-6.04,12.45,FY2026 Annual Budget
BP_202606_BU04_LATAM,2026-06-30,BU04,Latin America,USD,60.23,11.82,4.26,0.2725,6.1,-2.1,5.76,FY2026 Annual Budget
BP_202606_BU04_NA,2026-06-30,BU04,North America,USD,219.06,45.89,15.68,0.2478,22.19,-7.72,23.93,FY2026 Annual Budget
BP_202606_BU05_APAC,2026-06-30,BU05,Asia Pacific,USD,169.7,57.68,5.76,0.2262,13.41,11.36,21.17,FY2026 Annual Budget
BP_202606_BU05_EU,2026-06-30,BU05,Europe,USD,107.71,35.71,3.73,0.2586,8.51,6.96,11.97,FY2026 Annual Budget
BP_202606_BU05_LATAM,2026-06-30,BU05,Latin America,USD,55.28,18.0,1.9,0.2721,4.37,4.01,5.24,FY2026 Annual Budget
BP_202606_BU05_NA,2026-06-30,BU05,North America,USD,218.04,73.29,7.48,0.2483,17.23,12.34,27.38,FY2026 Annual Budget
BP_202607_BU01_APAC,2026-07-31,BU01,Asia Pacific,USD,292.95,92.91,11.41,0.2261,23.19,-16.9,68.19,FY2026 Annual Budget
BP_202607_BU01_EU,2026-07-31,BU01,Europe,USD,183.01,55.3,7.86,0.2573,12.59,-11.22,41.72,FY2026 Annual Budget
BP_202607_BU01_LATAM,2026-07-31,BU01,Latin America,USD,82.06,24.29,3.46,0.2716,5.65,-5.51,18.49,FY2026 Annual Budget
BP_202607_BU01_NA,2026-07-31,BU01,North America,USD,303.84,92.67,13.04,0.2481,20.9,-15.89,67.9,FY2026 Annual Budget
BP_202607_BU02_APAC,2026-07-31,BU02,Asia Pacific,USD,144.54,28.58,8.22,0.2267,9.64,9.91,4.41,FY2026 Annual Budget
BP_202607_BU02_EU,2026-07-31,BU02,Europe,USD,154.8,29.27,9.14,0.2568,10.33,12.75,1.02,FY2026 Annual Budget
BP_202607_BU02_LATAM,2026-07-31,BU02,Latin America,USD,73.02,13.14,4.25,0.272,4.88,5.95,-0.11,FY2026 Annual Budget
BP_202607_BU02_NA,2026-07-31,BU02,North America,USD,234.08,44.6,13.76,0.2503,15.62,18.9,2.36,FY2026 Annual Budget
BP_202607_BU03_APAC,2026-07-31,BU03,Asia Pacific,USD,113.84,29.31,7.34,0.2261,9.52,1.21,13.61,FY2026 Annual Budget
BP_202607_BU03_EU,2026-07-31,BU03,Europe,USD,131.82,32.16,8.99,0.2576,11.02,2.15,13.02,FY2026 Annual Budget
BP_202607_BU03_LATAM,2026-07-31,BU03,Latin America,USD,44.62,10.77,2.9,0.2724,3.73,0.71,4.19,FY2026 Annual Budget
BP_202607_BU03_NA,2026-07-31,BU03,North America,USD,256.3,63.71,17.03,0.2477,21.43,4.38,26.34,FY2026 Annual Budget
BP_202607_BU04_APAC,2026-07-31,BU04,Asia Pacific,USD,137.93,28.36,10.31,0.2261,13.73,13.66,-3.11,FY2026 Annual Budget
BP_202607_BU04_EU,2026-07-31,BU04,Europe,USD,135.24,22.12,13.22,0.2583,14.57,18.89,-13.64,FY2026 Annual Budget
BP_202607_BU04_LATAM,2026-07-31,BU04,Latin America,USD,56.4,10.98,4.28,0.2725,5.61,6.87,-3.33,FY2026 Annual Budget
BP_202607_BU04_NA,2026-07-31,BU04,North America,USD,205.08,41.81,15.76,0.2478,20.41,24.23,-9.29,FY2026 Annual Budget
BP_202607_BU05_APAC,2026-07-31,BU05,Asia Pacific,USD,167.1,56.59,5.89,0.2262,12.01,-4.53,37.64,FY2026 Annual Budget
BP_202607_BU05_EU,2026-07-31,BU05,Europe,USD,106.01,34.61,3.81,0.2586,7.62,-2.79,21.82,FY2026 Annual Budget
BP_202607_BU05_LATAM,2026-07-31,BU05,Latin America,USD,54.43,17.4,1.94,0.2721,3.91,-1.6,10.88,FY2026 Annual Budget
BP_202607_BU05_NA,2026-07-31,BU05,North America,USD,214.63,71.34,7.65,0.2483,15.43,-4.85,44.95,FY2026 Annual Budget
BP_202608_BU01_APAC,2026-08-31,BU01,Asia Pacific,USD,298.35,95.33,11.63,0.2261,23.11,4.09,49.21,FY2026 Annual Budget
BP_202608_BU01_EU,2026-08-31,BU01,Europe,USD,185.53,55.67,7.97,0.2573,12.46,1.53,29.41,FY2026 Annual Budget
BP_202608_BU01_LATAM,2026-08-31,BU01,Latin America,USD,83.21,24.51,3.51,0.2716,5.59,0.8,12.42,FY2026 Annual Budget
BP_202608_BU01_NA,2026-08-31,BU01,North America,USD,308.06,94.79,13.23,0.2481,20.68,2.2,51.67,FY2026 Annual Budget
BP_202608_BU02_APAC,2026-08-31,BU02,Asia Pacific,USD,148.23,29.26,8.17,0.2267,9.65,-7.17,22.0,FY2026 Annual Budget
BP_202608_BU02_EU,2026-08-31,BU02,Europe,USD,158.66,30.06,9.08,0.2568,10.33,-9.65,23.99,FY2026 Annual Budget
BP_202608_BU02_LATAM,2026-08-31,BU02,Latin America,USD,74.87,13.55,4.22,0.272,4.88,-4.56,10.69,FY2026 Annual Budget
BP_202608_BU02_NA,2026-08-31,BU02,North America,USD,239.96,45.97,13.67,0.2503,15.62,-13.44,35.71,FY2026 Annual Budget
BP_202608_BU03_APAC,2026-08-31,BU03,Asia Pacific,USD,115.08,29.32,7.28,0.2261,9.39,-2.67,17.62,FY2026 Annual Budget
BP_202608_BU03_EU,2026-08-31,BU03,Europe,USD,133.18,32.73,8.91,0.2576,10.87,-3.72,19.44,FY2026 Annual Budget
BP_202608_BU03_LATAM,2026-08-31,BU03,Latin America,USD,45.1,10.79,2.88,0.2724,3.68,-1.25,6.21,FY2026 Annual Budget
BP_202608_BU03_NA,2026-08-31,BU03,North America,USD,259.0,64.62,16.88,0.2477,21.13,-6.85,38.51,FY2026 Annual Budget
BP_202608_BU04_APAC,2026-08-31,BU04,Asia Pacific,USD,137.0,28.08,10.36,0.2261,13.3,-25.87,36.64,FY2026 Annual Budget
BP_202608_BU04_EU,2026-08-31,BU04,Europe,USD,134.24,20.94,13.27,0.2583,14.14,-32.46,37.28,FY2026 Annual Budget
BP_202608_BU04_LATAM,2026-08-31,BU04,Latin America,USD,56.01,10.92,4.3,0.2725,5.43,-11.54,15.23,FY2026 Annual Budget
BP_202608_BU04_NA,2026-08-31,BU04,North America,USD,203.6,40.49,15.83,0.2478,19.77,-39.3,53.91,FY2026 Annual Budget
BP_202608_BU05_APAC,2026-08-31,BU05,Asia Pacific,USD,171.18,58.06,6.02,0.2262,12.08,3.82,30.39,FY2026 Annual Budget
BP_202608_BU05_EU,2026-08-31,BU05,Europe,USD,108.55,34.94,3.89,0.2586,7.66,2.33,16.92,FY2026 Annual Budget
BP_202608_BU05_LATAM,2026-08-31,BU05,Latin America,USD,55.75,17.82,1.98,0.2721,3.94,1.35,8.22,FY2026 Annual Budget
BP_202608_BU05_NA,2026-08-31,BU05,North America,USD,219.79,72.9,7.81,0.2483,15.51,4.15,37.08,FY2026 Annual Budget
BP_202609_BU01_APAC,2026-09-30,BU01,Asia Pacific,USD,329.17,105.33,11.85,0.2261,24.94,30.51,28.74,FY2026 Annual Budget
BP_202609_BU01_EU,2026-09-30,BU01,Europe,USD,203.75,61.84,8.09,0.2573,13.33,17.57,17.11,FY2026 Annual Budget
BP_202609_BU01_LATAM,2026-09-30,BU01,Latin America,USD,91.42,27.87,3.57,0.2716,5.98,8.71,6.58,FY2026 Annual Budget
BP_202609_BU01_NA,2026-09-30,BU01,North America,USD,338.36,104.44,13.43,0.2481,22.14,25.09,34.63,FY2026 Annual Budget
BP_202609_BU02_APAC,2026-09-30,BU02,Asia Pacific,USD,158.14,31.47,8.12,0.2267,10.03,10.95,5.2,FY2026 Annual Budget
BP_202609_BU02_EU,2026-09-30,BU02,Europe,USD,169.19,32.26,9.02,0.2568,10.73,9.91,5.65,FY2026 Annual Budget
BP_202609_BU02_LATAM,2026-09-30,BU02,Latin America,USD,79.87,14.61,4.19,0.272,5.07,5.07,1.64,FY2026 Annual Budget
BP_202609_BU02_NA,2026-09-30,BU02,North America,USD,255.92,49.66,13.58,0.2503,16.24,14.19,10.2,FY2026 Annual Budget
BP_202609_BU03_APAC,2026-09-30,BU03,Asia Pacific,USD,118.67,30.23,7.21,0.2261,9.44,5.26,10.33,FY2026 Annual Budget
BP_202609_BU03_EU,2026-09-30,BU03,Europe,USD,137.26,33.92,8.82,0.2576,10.92,5.3,11.23,FY2026 Annual Budget
BP_202609_BU03_LATAM,2026-09-30,BU03,Latin America,USD,46.5,11.22,2.85,0.2724,3.7,2.02,3.22,FY2026 Annual Budget
BP_202609_BU03_NA,2026-09-30,BU03,North America,USD,266.98,65.97,16.73,0.2477,21.24,9.27,23.26,FY2026 Annual Budget
BP_202609_BU04_APAC,2026-09-30,BU04,Asia Pacific,USD,150.22,32.26,10.41,0.2261,14.22,-4.8,17.9,FY2026 Annual Budget
BP_202609_BU04_EU,2026-09-30,BU04,Europe,USD,147.12,24.78,13.33,0.2583,15.14,-8.39,15.07,FY2026 Annual Budget
BP_202609_BU04_LATAM,2026-09-30,BU04,Latin America,USD,61.4,12.1,4.32,0.2725,5.81,-3.05,7.22,FY2026 Annual Budget
BP_202609_BU04_NA,2026-09-30,BU04,North America,USD,223.17,45.84,15.91,0.2478,21.12,-11.8,29.1,FY2026 Annual Budget
BP_202609_BU05_APAC,2026-09-30,BU05,Asia Pacific,USD,175.33,58.21,6.15,0.2262,13.21,7.09,26.13,FY2026 Annual Budget
BP_202609_BU05_EU,2026-09-30,BU05,Europe,USD,111.13,35.01,3.97,0.2586,8.38,4.31,14.29,FY2026 Annual Budget
BP_202609_BU05_LATAM,2026-09-30,BU05,Latin America,USD,57.09,17.97,2.02,0.2721,4.3,2.51,6.82,FY2026 Annual Budget
BP_202609_BU05_NA,2026-09-30,BU05,North America,USD,225.05,72.17,7.98,0.2483,16.96,7.62,31.65,FY2026 Annual Budget
BP_202610_BU01_APAC,2026-10-31,BU01,Asia Pacific,USD,325.57,103.14,12.08,0.2261,24.27,-4.47,62.75,FY2026 Annual Budget
BP_202610_BU01_EU,2026-10-31,BU01,Europe,USD,200.59,61.37,8.21,0.2573,12.88,-3.45,38.26,FY2026 Annual Budget
BP_202610_BU01_LATAM,2026-10-31,BU01,Latin America,USD,90.04,27.32,3.62,0.2716,5.78,-1.72,16.82,FY2026 Annual Budget
BP_202610_BU01_NA,2026-10-31,BU01,North America,USD,333.17,102.5,13.63,0.2481,21.4,-4.65,63.7,FY2026 Annual Budget
BP_202610_BU02_APAC,2026-10-31,BU02,Asia Pacific,USD,175.93,36.81,8.08,0.2267,10.95,30.73,-11.38,FY2026 Annual Budget
BP_202610_BU02_EU,2026-10-31,BU02,Europe,USD,188.11,36.84,8.96,0.2568,11.71,33.71,-15.74,FY2026 Annual Budget
BP_202610_BU02_LATAM,2026-10-31,BU02,Latin America,USD,88.83,17.02,4.17,0.272,5.53,16.59,-8.6,FY2026 Annual Budget
BP_202610_BU02_NA,2026-10-31,BU02,North America,USD,284.58,56.9,13.5,0.2503,17.71,47.7,-19.37,FY2026 Annual Budget
BP_202610_BU03_APAC,2026-10-31,BU03,Asia Pacific,USD,118.77,30.78,7.15,0.2261,9.27,4.12,12.05,FY2026 Annual Budget
BP_202610_BU03_EU,2026-10-31,BU03,Europe,USD,137.31,33.77,8.74,0.2576,10.72,5.42,11.18,FY2026 Annual Budget
BP_202610_BU03_LATAM,2026-10-31,BU03,Latin America,USD,46.53,11.08,2.83,0.2724,3.64,1.9,3.29,FY2026 Annual Budget
BP_202610_BU03_NA,2026-10-31,BU03,North America,USD,267.1,66.68,16.58,0.2477,20.85,10.3,23.12,FY2026 Annual Budget
BP_202610_BU04_APAC,2026-10-31,BU04,Asia Pacific,USD,149.31,31.53,10.46,0.2261,13.87,30.51,-17.61,FY2026 Annual Budget
BP_202610_BU04_EU,2026-10-31,BU04,Europe,USD,146.15,24.15,13.38,0.2583,14.78,38.37,-31.78,FY2026 Annual Budget
BP_202610_BU04_LATAM,2026-10-31,BU04,Latin America,USD,61.02,12.19,4.34,0.2725,5.67,13.88,-9.5,FY2026 Annual Budget
BP_202610_BU04_NA,2026-10-31,BU04,North America,USD,221.73,45.25,15.99,0.2478,20.59,47.39,-29.98,FY2026 Annual Budget
BP_202610_BU05_APAC,2026-10-31,BU05,Asia Pacific,USD,181.32,61.2,6.28,0.2262,11.82,1.9,35.06,FY2026 Annual Budget
BP_202610_BU05_EU,2026-10-31,BU05,Europe,USD,114.86,37.06,4.06,0.2586,7.49,1.16,19.88,FY2026 Annual Budget
BP_202610_BU05_LATAM,2026-10-31,BU05,Latin America,USD,59.04,18.98,2.07,0.2721,3.85,0.68,9.85,FY2026 Annual Budget
BP_202610_BU05_NA,2026-10-31,BU05,North America,USD,232.65,76.26,8.15,0.2483,15.16,2.15,42.04,FY2026 Annual Budget
BP_202611_BU01_APAC,2026-11-30,BU01,Asia Pacific,USD,334.85,106.68,12.3,0.2261,24.82,19.76,40.76,FY2026 Annual Budget
BP_202611_BU01_EU,2026-11-30,BU01,Europe,USD,205.36,64.1,8.33,0.2573,13.1,11.03,25.62,FY2026 Annual Budget
BP_202611_BU01_LATAM,2026-11-30,BU01,Latin America,USD,92.21,27.78,3.67,0.2716,5.88,5.44,9.91,FY2026 Annual Budget
BP_202611_BU01_NA,2026-11-30,BU01,North America,USD,341.14,106.65,13.83,0.2481,21.76,15.91,45.95,FY2026 Annual Budget
BP_202611_BU02_APAC,2026-11-30,BU02,Asia Pacific,USD,198.54,42.59,8.04,0.2267,12.27,27.61,-5.12,FY2026 Annual Budget
BP_202611_BU02_EU,2026-11-30,BU02,Europe,USD,212.17,42.99,8.92,0.2568,13.12,28.0,-6.88,FY2026 Annual Budget
BP_202611_BU02_LATAM,2026-11-30,BU02,Latin America,USD,100.24,20.02,4.15,0.272,6.2,14.32,-4.82,FY2026 Annual Budget
BP_202611_BU02_NA,2026-11-30,BU02,North America,USD,321.04,65.67,13.43,0.2503,19.84,38.05,-5.3,FY2026 Annual Budget
BP_202611_BU03_APAC,2026-11-30,BU03,Asia Pacific,USD,119.46,30.45,7.09,0.2261,9.26,1.59,14.32,FY2026 Annual Budget
BP_202611_BU03_EU,2026-11-30,BU03,Europe,USD,138.03,33.61,8.66,0.2576,10.7,1.0,15.48,FY2026 Annual Budget
BP_202611_BU03_LATAM,2026-11-30,BU03,Latin America,USD,46.79,11.13,2.8,0.2724,3.63,0.46,4.77,FY2026 Annual Budget
BP_202611_BU03_NA,2026-11-30,BU03,North America,USD,268.55,67.71,16.43,0.2477,20.81,1.57,32.63,FY2026 Annual Budget
BP_202611_BU04_APAC,2026-11-30,BU04,Asia Pacific,USD,144.12,29.93,10.51,0.2261,13.29,-4.59,16.84,FY2026 Annual Budget
BP_202611_BU04_EU,2026-11-30,BU04,Europe,USD,140.98,22.46,13.44,0.2583,14.17,-6.44,12.4,FY2026 Annual Budget
BP_202611_BU04_LATAM,2026-11-30,BU04,Latin America,USD,58.89,11.44,4.36,0.2725,5.43,-2.18,6.26,FY2026 Annual Budget
BP_202611_BU04_NA,2026-11-30,BU04,North America,USD,213.93,42.69,16.07,0.2478,19.73,-7.5,23.86,FY2026 Annual Budget
BP_202611_BU05_APAC,2026-11-30,BU05,Asia Pacific,USD,190.98,65.67,6.39,0.2262,10.33,13.41,28.52,FY2026 Annual Budget
BP_202611_BU05_EU,2026-11-30,BU05,Europe,USD,120.92,39.64,4.13,0.2586,6.54,8.23,15.69,FY2026 Annual Budget
BP_202611_BU05_LATAM,2026-11-30,BU05,Latin America,USD,62.17,20.76,2.1,0.2721,3.37,4.76,7.55,FY2026 Annual Budget
BP_202611_BU05_NA,2026-11-30,BU05,North America,USD,244.95,82.14,8.3,0.2483,13.25,14.59,35.97,FY2026 Annual Budget
BP_202612_BU01_APAC,2026-12-31,BU01,Asia Pacific,USD,354.39,114.02,12.54,0.2261,26.42,7.97,56.69,FY2026 Annual Budget
BP_202612_BU01_EU,2026-12-31,BU01,Europe,USD,216.35,66.99,8.46,0.2573,13.89,3.81,34.23,FY2026 Annual Budget
BP_202612_BU01_LATAM,2026-12-31,BU01,Latin America,USD,97.18,29.61,3.73,0.2716,6.24,1.91,14.43,FY2026 Annual Budget
BP_202612_BU01_NA,2026-12-31,BU01,North America,USD,359.44,111.96,14.04,0.2481,23.08,5.53,59.06,FY2026 Annual Budget
BP_202612_BU02_APAC,2026-12-31,BU02,Asia Pacific,USD,202.51,43.83,8.01,0.2267,12.61,31.87,-8.77,FY2026 Annual Budget
BP_202612_BU02_EU,2026-12-31,BU02,Europe,USD,216.29,43.95,8.88,0.2568,13.47,37.47,-16.0,FY2026 Annual Budget
BP_202612_BU02_LATAM,2026-12-31,BU02,Latin America,USD,102.22,20.41,4.13,0.272,6.36,18.23,-8.61,FY2026 Annual Budget
BP_202612_BU02_NA,2026-12-31,BU02,North America,USD,327.32,68.2,13.37,0.2503,20.38,53.18,-19.08,FY2026 Annual Budget
BP_202612_BU03_APAC,2026-12-31,BU03,Asia Pacific,USD,118.97,30.22,7.04,0.2261,9.29,1.47,14.22,FY2026 Annual Budget
BP_202612_BU03_EU,2026-12-31,BU03,Europe,USD,137.38,33.71,8.59,0.2576,10.72,2.42,14.1,FY2026 Annual Budget
BP_202612_BU03_LATAM,2026-12-31,BU03,Latin America,USD,46.59,11.25,2.78,0.2724,3.64,0.81,4.49,FY2026 Annual Budget
BP_202612_BU03_NA,2026-12-31,BU03,North America,USD,267.33,66.84,16.29,0.2477,20.86,4.84,28.62,FY2026 Annual Budget
BP_202612_BU04_APAC,2026-12-31,BU04,Asia Pacific,USD,134.59,27.2,10.56,0.2261,12.5,2.14,8.8,FY2026 Annual Budget
BP_202612_BU04_EU,2026-12-31,BU04,Europe,USD,131.59,20.35,13.49,0.2583,13.31,4.7,0.57,FY2026 Annual Budget
BP_202612_BU04_LATAM,2026-12-31,BU04,Latin America,USD,54.99,10.36,4.38,0.2725,5.11,1.75,1.87,FY2026 Annual Budget
BP_202612_BU04_NA,2026-12-31,BU04,North America,USD,199.71,39.48,16.14,0.2478,18.55,6.89,8.26,FY2026 Annual Budget
BP_202612_BU05_APAC,2026-12-31,BU05,Asia Pacific,USD,197.28,68.82,6.5,0.2262,10.18,2.05,42.49,FY2026 Annual Budget
BP_202612_BU05_EU,2026-12-31,BU05,Europe,USD,124.85,41.31,4.2,0.2586,6.45,1.28,23.98,FY2026 Annual Budget
BP_202612_BU05_LATAM,2026-12-31,BU05,Latin America,USD,64.21,21.52,2.14,0.2721,3.32,0.74,12.19,FY2026 Annual Budget
BP_202612_BU05_NA,2026-12-31,BU05,North America,USD,252.95,83.51,8.43,0.2483,13.07,2.36,49.44,FY2026 Annual Budget
